accept	assume	cases	commit	guilty	how	innocent	men	places	proven	rape	refuse	women	you
dishes	shower	takes	wash	work
absolutely	disgusting
forgot	me	you
accepted	accountability	amp	concept	deaths	despite	driving	personal	rage	road	still	violations	we	yet
disgusting	misuse	orwellian	perfect	website
despise	really	woman
disgrace	food	money	people	stamps
basis	no	speculating	they	you
bad	handle	honestly	removed	they
yuk
disgusting	fat	making	moron	talk
awful	greens	logo	not	optics	year
damn	ugly
haha	scentsy	terrible	yeah
emoji	exact	moment	never	panic
labour	option	they	treacherous
24hr	7am	churning	mcdonald	office	place	smell	stomach	walking	when	work
hillarysheath	hotrodarchie	issue	left	mode	noticed	ntac	panic	qadkins79
daily	donaldjtrumpjr	kayleighmcenany	offer	really	sacrifice	sad	safe	who	you
heck	heckin	holy
dreadful
fear	honestly	jury	my	peers	trial	worst
5679787	cannot	dm	fail	follow	letdown	not	party	partydelightsuk	we	you
ravenclaw	sadness	shouldhavebeenhufflepuff	thecatcampbell	too
but	feel	shit	too
company	control	disgusted	happen	hilton	hotels	ounce	their	they	work
dread	math
baddest	chicago	fact	south	town
horrible
bored	distracted	kind	rewind	times
15	calling	doom	fitzstockcharts	gloom	gundlach	rounding
hellraiser	lot	me	month	read	reboot	script	them	worst	you
drive	kill	lane	never	person	swerve	you
but	hideous	so
awful
discouraged	jwonder81	macadamionnut	problem	progress	rhetoric	sake	substance
heyday	mickeyrourkefp	thenotoriousmma
america	entitlement	female	hated	loiuselinton	martinshkreli	notcute	skill	takes	woman
how	lol	minutes	nascar	suppose	tangent	they	weird
cooking	heard	worst
god	lbvfs	lord	me	my	sick	sink	stomach	sue	walked	wanted	warned
abhorrent	educated	fetus	killing	people	umm	viability	who
awful	how	people	wonders
abuse	constantly	degrades	hits	you
anthonyweiner	distraction	election	gascrisis2016	nodapl	race	rape	really	riots	selection	syria	terrorism	what
treason
awardsdaily	handle	how	murder	shudder	tate
harder	kids	partner	when	you
game	though	worst	zelda
dark	pussies	they
absolute	based	hated	outfit	who	worst	your
battered	but	complain	convinced	despair	questions	so	twitter	we	you
10	bald	chimpanzee	choked	dark	imgur	me	naked	picture	too	washed	your
agenda	blasphemy	deny	fit	literally	not	place	reddit	religion	scripture	so	you
football	league	managers	nigeriainfofm	selection	start	talk	we
bigger	but	older	so	worse
02	2003	born	ffs	honestly	posting	shit	tho	we
ix_sw	not	othrcarl	purenift	sadly	smutty
bit	great	how	negative
awkward	forget	tomboys
maturity	soul	ugly	year	you
agree	but	general	gotta	lil	loves	music	perspective	pump	really	suck	who	your
hideous
essdotx	favor	forgiving	jovial	negro	oppressor	pressed
huff	them	xblademania
bad	bug	downright	embarrassingly	hope
baby	complete	cuz	guilty	horrible	insomniacs	shit	sleep	sociopath	they	too
ceiling	nasty	posted	settles	stuff	thinking	tiles
belief	called	law	literally	not	penetrated	peoples	rape	required	systematic	when
barrel	hangs	president
disgusting	posted	though	woman
stinks	wich	you
abt	cost	country	dat	dvlpt	elated	fails	happy	modi	narendramodi	nything	sardesairajdeep
amala	crash	dressed	eat	gate	gele	lace	lagos	my	owambe	shake	time	waist
but	coming	filthy	friends	house	isnt	mess	my	problem	twitter	when
figure	firerocket	fool	gotta	man	my	on_earth	salary	what	you
beckett	death	ghastly	hallucination	root	samuel	square	unreliable
comment	read	responding	you
2013	concluded	disappointed	graduate	however	lestweforget	nigerialng	not	recruitment	tonyattah	trainee	weary	wewait	yrs
character	confirming	my	so	suspicions	what	who	you	your	yuck
deceived	distrust	friends	our	shameful	them
70	awful	bad	bunch	buy	good	movies	moviestvnetwork	really	worse	wow	you
affair	betrayed	caught	cheaters	imo	not	spouses	their	they
8k	adamcimmering	boro	chelsea	good	lively	stewards	they	work
absolutely	awful	cringe	crossover	elseworlds	me	performance	screen	so	time
extremely	hear	long	messy	situation	split	story	they	very	years
guy	neurotic
blake	bls	depress	my
instigator	noting	racist	situation	violent	worth
bad	but	kinky	people	sex
family	haha	murder	twist	weird
drunk	girl	obnoxious	what
pic	ughhh	worse
black	mourn	rosalilium	tomorrow	wearing
mind	their	ugh
bb18	congrats	nicole	nose	petty
aloneinthecity	loneliness	lonely	what	worse
horrible
average	man	notorious	partly	product	so	standards	terrible	time
aww	fucking	hell	no
gonna	hell	omg	reunion
aimed	individuals	shirt	ugly	very
arms	girls	hairy	me	scare
fuck	position	sitting
harassment	statement	weird
no	worse	years
care	how	ignorant	safety	shame
calling	chants	detriment	gonna	lie	me	not	offensive	play	they	unnecessary
ali_zimmer	how	long	m_pattison	ninjaworrier	shudder
bullying	conformity	discourage	enforce	people	social
dentist	energy	kid	skyzone	ugh	visit
congratulations	decided	morality	people	society	subjective	worst	you
clowns	digital	fans	info	jumped	launched	war	wuming
combined	describing	evil	ill	images	incomprehensible	me	monster	never	physically
awful	grows	mirror	people	shape	they	where
absolutely	but	colorado	dated	disgusting	guy	immune	springs	steamboat	steel	who
day	drake	drink	me	morning	start
_jessicavidal_	drink	pour	sink	you
antidiarrheals	blogger	channels	data	diarrhea	early	fever	hoarding	journals	lack	meds	misinformation	official	panic	people	post	prefer	public	read	reduce	rumors	science	short	sick	so	sold	spread	spreads	videos	we
bull	deserves	kill	knowing	matter	no	nononononoyes	their	they	what
grandma	horrible	me	mom	my	person	protected	so	who	wished
bb18	game	hahaha	hating	michelle	nicole	nothing	who
bloody	disgusting
awkward	barely	boring	close	family	hate	insists	my	no	relatives	visiting	we	year
fear	my	worst
although	but	calling	context	deeper	girl	how	matters	misogyny	rooted	they	thought	woman	you
bad	clothes	damn	fancy	feel	kid	me	parent
creepy	no	trust	weird	you
cleaning	discharge	disgusting	how	not	so	what
amp	appealing	courting	deception	depressing	difference	katheartwell	pressure	women
awful	broken	disguise	engaged	jacket	leather	newly	smell	stevie	throat	wii
avg	but	costly	fee	interesting	irritate	mickyrivera29	talent	too	transfer	when	you
baiting	gossip	idiots	panel	race	shitpost	tyt
anoint	billmaher	islamic	orange	radical	realdonaldtrump	stances	terror	time	very	you
antidemoratic	democracy	hate	institutions	love	why
catacombs	madman	melancholy	morgue	rue	wandered
eating	no	sickness	smell	spread	they
disgusted	utterly
leave	slob	sounds	ugh	you
creepy	cringe	guy
head	place	quotes	thinktoomuch	worst	worstenemy	you	your
chic_happens_	comparisons	dread	followers	guarantee	lose	m√°xima	queen	royalmusing	sean_okeeffe1	when
week	worse
bars	but	darthvader	feel	inhaler	my	no	puff	rap	rapper	sick	yo
attractive	eyes	great	person	pretty	really	shame	smile	themself	when
bonesarp	chuckle	disappointment	fakes	nhe	pout	starts
disgusting	ketchup	mayonnaise	mix	pickle	relish
cartridge	signs	weed	wtf
but	cold	crazy	lot	people	staying	thursday	we	weather	worse
animal	breaks	coworkers	eating	my	rabid	scare	srry	when
level	perception	projection	worry	you
but	cali	depressing	friends	insta	no	pics	place	snaps	so	unbelievably
character	moment	noped	picture	racist	you
abuse	child	decent	force	kid	no	nutrition	parent	science	starve	their	they	understand
bed	ily_geuly	intend	laying	me	months	moping	my
gross	honestly	pretty	smell	sweats	terrible	when
alternate	insomnia	nights	notfair	sleep	sleepless	tonight
mm	type	weird	yyyy
_adam_price	afraid	bbc	bicycle	davies	editorially	paths	queue	ron	trumped	walespolitics	you
awful	how	idea	no
dirty	sneaky
decent	hope	middle	so	worst
needed	rape	sex
but	egg	plate	quail	still	weird
cut	love	no	open	reason	recovering	spending	weeks	work	years
india	worse
awful	bigoted	you
afraid	answer	but	danger	jaysekulow	me	not	realdonaldtrump	reveal	taxes	we	what
but	exhausted	exist	feel	god	good	job	me	misonorotta	not	weary
birthdays	dread	friday	so	super
25	creepy	weird
hate	poetry
phew
afraid	breathing	bridge	drive	outdoorloverz	yooo
fuck	fucking	sandals	sets	socks
brexit	but	fact	future	gloom	happening	ignore	managing	news	not	pushing	simply	sky	still
better2day	cupidpoetry	kctwinflame	panic	para_priestess	tfunion1111	twinfjournal	twinninglife111	yesterday
gbbo	horror	minute	watching
areas	care	clothes	dismay	esanderc	mother	mrsfridaynext	my	specific	very
1749485	but	cut	helped	learned	lmao	medical	not	school	soap	times	ton
delirium	facemask	flu	game	me	phantom	so	sorts	suffering
aghh	bacon	dirtiness	disgusting	smell	soo	worst	you
good	hollywood	horror	offerings	shit	too	year
fair	foul	language	no	nudity	violence
felt	honestly	me	today	track
door	forgot	guess	neat	pic	time	totally	yeah
deal	hope	issue	life	sheesh	worst	you
but	dude	heart	insane	life	people	short	worse	your
hate	kkk	racism	sheet	talking	they
hellseashell	hey	piece	sacrifice	shit	worry	you
shithole	universe
animal	creature	cruelty	poor
dad	insisting	not	still
cool	hell
arrive	guns	never	police	situation	terrible	their	they	when
but	enjoy	frustrating	glad	me	tedious	time	you
gross	ugh
crayons	eat	shit
buy	good	idea	relationship	yeah
not	worse
disgusting	how	level	you
ahyuck	baseball	basketball	football	game	night	ya	you
doll	finish	sex
but	didnt	hmm	me	posted	weird	when	work
afraid	bad	big	coward	election	hide	hillary	orangehitler	presidentialdebate	presidentialelection2016	skip	trump
bad	grade	shooting	sounds	synagogue	yikes
candidates	crazy	exist	generic	pessimistic	plenty	problem	room	so	spare	win
divisive	projection	so	they
amp	care	dying	evrn	global	hunger	idea	kashmir	kids	nation	nawazfightsforkashmir	revolves	terrorism	their
looked	ugly
animals	aware	beautiful	cruel	emotion	heart	humans	hurt	my	so	they	when
hatred	how	left	revealed	ugly
busy	nose	pass	pick	picking	shitty	tongue	too
bin	loud	point	qmos	real	shit	so	they	toss	where
799	hate	moonwolf1	when
criticizes	fascist	not
bad	dark	feel	love	scared
comics	fellow	hated	movies	nerds	sex	stories	what	who	women
but	deal	fair	good	grief	no	staying	worse
comforting	familiar	feels	hockey	oddly	suck	we
face	fail	fake	hoping	niceties	parents	praising	pretending	relatives	secretly	you	your
awful	closed	hearing	managers	my	office	offices	personal	so	spaces	talk	they	very
bitter	comic	fandom	laureliver	lululemonlime83	so	they	what	wow	your
behaving	canada	good	little	pick	shamefully	slack	us
amd	clutterfuckedd	ducks	realized
but	feeling	good	hurtful	leave	my	not	relatives	spew	superior	wanted	year
hell	history	revisionist	selfish
mustache	smells
case	downvoted	gotchu	hell	lol	you
guy	pretty	weird	yeah
ew	grim	omg	samkingftw	so
disgusting	entry	hidden	influence	left	main	matchmaking	mmr	mode	paid	reason	requires
awful
depressing	kerophibian
bit	game	not	reasons	sao	setting	sucks	tbh	very
abhorrent	behavior	debate	excuse	you
cruel	false	not	preference	racist	reason	them	untested	your
buddy	but	hand	knowing	no	not	phone	send	text	them	worst
but	kind	love	person	worst	you
arms	guess	idea	open	possibility	selling	terrible
accidentally	attention	caused	dinohyogi	explosion	hakyeon	happily	jaehwan	perching	shoulder	sulk	takes	tiny	when	wonshik
big	guts	horror	killed	me	movie	so	spider	sprayed	ugh
absolute	worst
cheap	fucked	lol	talk
america	bidets	disgusting	our	paper	plumbing	systems	toilet	we
genocide	indian	mark	mention	no	not	pak	planned	speech	still	terrorism	zaidzamanhamid
appendix	belly	button	celebrity	how	left	surgery	tweeted	ugly
burst	crying	day	randomly	when	you
hear	pretty	trash	version	worse
countries	denial	main	mea	pak	peace	referred	statement	still	terror	threat	virtually
dirt	disgusting	them	they	when
awful	concussions	damn	not	sucks	surprised
outlier	statistical	ugly	you
bath	manure	you
condom	dog	fucking	girl	man	me	no	shoe	whips
bowers	drove	evening	horrible	jasonbhampton
clicks	fake	generate	news	nuts	padres	people	their	thought	who
charlkboard	how	idea	no	weird	work
awful	mcauley_ross	rojo
akot	but	man	shot	ugly
40	downvotes	little	offended	people
creepy
creepy	fucking
choices	draft	horrible	matter	our	pick	we	where
corrected	stand	thought	worse	wow
bannner	feel	flask	mess	sides	them	viable
abusive	caustic	infj	quite	they	times	verbally
adam	ben	general	hear	hebrew	humans	man	refers	simply	son	weird
alot	cultivating	kindness	people	start	successtrain	today	totally	turn	warrior	wow
manchester	painting	penis	pothole	worked
shame
bones	but	felt	my	niche	shit	so	still
20	awful	dumped	herpies	killed	person	year
depressing	gloomy	hate	me	mood	when
bees	butterflies	floated	sting	we	you
ugh
10	1977	car	film	filmmaker	hands	hell	horror	lot	middle	road
afc	flex	we	weird	you
defensively	space	worse
access	afp	cancelled	cbs	coltonflurry	feeds	imo	jc	live	paul	strangefacesla	vic
29	dude	goalie	hyped	prospect	wtf	yesterday
awful
depressing	feels	hmm	missed	negative	really	today	twitter
but	didnt	internship	no	report	shooed	short
beats	definition	drinks	grown	irresponsibly	man	people	who
fra93_bruno	really	sadden	terrible	wow
bitter
civilians	disgusting	targeted	they
not	what	worthy	you
bunch	but	calls	disagreed	individual	not	they	tied
but	dislike	downvoted	literally	lot	misusing	people	really	so	why	word	you
description	fright	nasty	terrifying
annoyed
care	evidently	horrible	impact	large	population	voting
civilized	country	questions	shithole	they
crackers	dam	guy	helped	poor	throw
bumper	fucked	hate	insurance	my	repair
horribly	minion	stuff	terrible	thought	worst	wrong
fucking
bureaucrat	director	dull	formed	group	megaproject	never	nlpoli	oppose
autodealerlive	awarded	bomb	lol	realmatkoenig	thefrankjlopes	trophy
bigbosspeltonen	cutting	death	despair	nlikewise
benefits	bothered	care	feel	guy	how	jerk	little	prick	selfish	too
blast	bra	gonna	guys	hard	my	nips	playing
16	30	not	pleasant	so	temps
bojack	depression	horseman	saddest	season1	written
hypocrisy	people	projection	smearing	work
albums	beatles	country	decided	final	gaga	lady	me	opera	radio	singing	their	told
fuck	my	seattle
but	existing	hate	nothing	sadness	yea
awful	colleagues	elementary	how	level	our	subbed	times	when
age	disgusted	fake	learn	news	reading	writes
autism	condition	mental	worse
damn	you
bokunogio	history	major	momma	sad	sopranos	tony	worse	wow
nobody	school	stayed
drives	guards	injury	lot	sixer	struggling	swatted	taller	too
algeria	blind	faith	fellow	people	ridiculous
dictionaries	disgusting	joke	nouns	offensive	proper
avoid	feet	foot	germs	girl	guy	my	nightmare	plz	roommate	sink	so	turns	your
but	money	wanna	work
drink	milk	so	species	weird
bb18	bitter	game	hahaha	hating	michelle	nicole	nothing	who
bigbosspeltonen	cutting	death	nlikewise
actual	nightmare	what
lot	tasted
accuse	appalled	comrade	drugs	enhancing	me	neigh	performance	you
bad	good	palm	phone	post	pre	running	webos
carapace	feet	ground	hearing	hitting	me	sliding	vomit
accept	btw	dry	eable	jack_haug_lifty	lied	lost	remain	remainer	tears	we	you	your
coffee	drinking	gross	talking	tea	you
fact	questioning	worrysome	you
happen	ignorance	worst
art	but	people	prices	sell	sucker	suckers	takes	their
head	malevolent	spinnin
my	sick	tummy
bigger	but	eat	expensive	female	how	loves	slim	stk	tiff	you
awkward	face	fine	kiss	long	you
cars	wreck	you
angelina	dead	jolie	love	man	mourn	no	today	we
3x	eamaddennfl	easports	elway	fumbled	game	john	played	sacked	where
bad	but	life	muricans	ruined
biscuit	creepy	dog	you
assault	definitions	multiple	not	penetrated	person	rape	sexual	understanding	wrong	you
rabid	vladfucker69
our	shit	their	they	women
boy	grade	me	named	pencil	sixth	stabbed	stomach	yep
naked	their	they	toxic	trait	yawn
dance	me	my	team	therapist	told	unhappy
awful	ferdinand	franz	too
depression	flakejay	ring
disgusting	you
assaulted	cant	claiming	fetishists	gross	sexually	them	we
features	hate	how	internet	missing	phone	version	website
attitude	dream	duty	hate	personal	purpose	reproduce	woman
bigot	ignorant	imagine	thinking
game	kat	weird
bringing	ibra	mourinho	ntfc	panic	rushford	worried
avoid	feet	foot	germs	girl	guy	my	plz	roommate	sink	so	turns	your
bad
bullshit	components	included	laws	not	reloading	stand	subsequent	they
absolutely	dreadful	feel	fighting	me	roll	time	today	ugh	what	wrong
disgusting	fucking	people	thread
baloch	challenge	day	funnier	kapilsharmak9	kashmir	laughter	nawaz	sharif
bellaissocute	cray	empire	lady	scared
mad	stinky
30	alarm
7th	conspiracy	damn	days	grade	theorists	we
camilluddington	crawl	fact	hole	me	nervous
me	stresses	too
expect	hard	how	motions	moving	people	shouting	slogans	them	they	truly	what	you
bussing	konanplaydirty	me	nahhhhhh	snap	story
flashbacks	girls	horrible	me	screaming
absurd	attacked	attacks	bump	conservative	directed	fist	fox	media	news	very
fucked	labor	laws	us
catch	change	hang	reason	shit	we	whiney	why	you
clear	creepy	how	posts
aht	dan	eat	eban	ferk	pizza	troo	wif	worse
schade	vivaonline
boiling	burns	day	food	good	hot	hour	me	mind	never	nme	sick	spills	today	water	wow
fucking	hair	horrible
age	cool	dads	girl	legal	molested	thought	who	young
bet	btw	hit	pnw	so	time	wtf	you
crying	dealingwithfailure	failure	katherinemansfield	laughing	love	too	works
info	lindafrum	lovers	point	sadly	selfie	them	voted	what	who	years
mood	place	public	really	swings	tiring	ugh	yeah
accounting	but	feel	horrible	mentally	not	physically	today
eyes	weird
explode	inevitably	not	script	understand	why
_iconceitedone_	features	hate	plan	roberts	unhappy	unique	we	what	you	your
abysmal	accept	evidence	level	wow	you
depressing	fancy	fundraisers	hillary	started
faze	lot	sexual	tension
pant	turd
hesitate	running	them	walk
compassion	destroy	saved	society	very
bar	brunei	cars	disheartening	driver	grand	really	roof	stolen	vitara
accidentally	engine	my	poor	problem	small	sunk	teeth	vein	who	woman
account	anonymous	awe	bad	hate	lmao	me	person	shit	so	talk
feel	leftie	swiping	weird
10	blocking	braindead	but	cancer	checkline	horrible	lane	minutes	people	pure	sore	story	stuck	wow	you	your
close	really	reason	vancouver	weird
disgusting	truly
felt	game	guilt	horrible	playing	rainbow6game	rainbowsixsiege
disgusting	hatred	pure	unadulterated
futuristic	gibberman10	jersey	mlb	remember	scotthoward42	terrible	when
apartment	bet	condo	disgusting	never	you
17	brexit	err	gloomy	mio	not	people	remain	skynews
bitch	guys	son	stand	we
but	carlymarierozy	children	makeupsue	making	our	sad	terror	vulnerable	we
animals	hated	religion	them	they	treated
australia	but	edit	no	situation
burn	car	cheaper
afraid	asleep	fml	key	not	sleeplessnight	sleepy	ugh	why	yet
derogatory	term
01	arm	but	guys	hand	head	liking	not	really	trajectory	weird
bismol	compositional	garbage	hipster	my	no	pepto	trash	vomit	worth
crap	finding	google	obscure	terrible	you
grossest	me	toenails
alarm	alive	asked	burning	clock	door	flatmate	knocked	morning	my	ringing	set
arcdental	chewing	fordays14	turlock	what
autistic	fear	immense	meltdowns	nothing	sounds	they	triggered	vomiting
good	horrible	we
alright	bunch	fucking	scum	shit	they	understand
accountant	coming	free	lawyer	likes	money	trouble	your
church	definitively	evolution	ruled
circles	clergy	donatists	dreadful	evangelical	fmr	historic	laurakfillault	my	point	thomashcrown	what
depression	honestly	itnevergoes	so	time	unhappy	why
dicky	guys	ladies	luck	me	my	perpetually	pick	sticky
happy	imagine	not	sad	so	team	ugh
grounded	punishment	reading	worst
president	terrible
awful	damn	god	level	manages	mufc	play	rojo	still
fast	government	infrastructure	our	progress	shame
dread	drive	wednesday
cat	coyote	eyes	jump	ouch	takes	when
asylum	bad	deport	guys	seekers	so	sounds	wall	we
amexuk	bonus	card	cashback	credit	mbna	really	sad	shame	year
diazepam	nah	so	they	weird
ew	honestly	horrid	my	photo	school	so
borderline	cultural	depth	lacking	not	vulgar
but	disgusting	dont	feet	my	smelly	still	tbh
but	effective	weird
banging	guy	realize	ukulele
ugh	what
blocked	never	number	supportive	yup
100	acceptable	agree	boy	but	disgusting	double	girl	nuts	perfectly	sexualised	standards	young
ceiestialfoxx	expected	movie	remember	scary	terrible	very
future	kid	killer	serial
challenge	formidable	hodgson	jdwmaguire	northampton	roy	shudders	they	town
combination	disgusting	outright	perfect	terrible
ass	shit	shut	soft
ball	bitch	bone	dun	left	mah	me	my	rasty	squeeky
children	danger	disgusting	harm	nothing	people	them	who
garbage	post	what
hell	jackets	musty	people	so	they	we	wore
but	damn	happy	news	rejoicing	so	supposed
asleep	bed	but	class	easy	fall	hard	insomnia	rocktheretweet	teamfollowback	true	whileyouweresleeping
abhors	awaits	blow	fly	friend	matter	morrow	my	no	somber	where	winds	you
base	feel	hearing	list	we	what
fear	pakistan	terrorist	terrorstatepak	their	what
guy	kay	literally	me	sail	ship	successful	sunk	working	you
boss	brand	change	coconut	never	penalty	personal	tastes	they	tied	tree	years	yet
16	boys	grafx	spell	turbo	weird
crying	flashbacks	funny	me	mom	my	record	thought	ugh	when
disgusting	you
appeal	fallacious	logic	nature	pointing	true
apps	depressing	events	facebook	interesting	logging	missed	they
actively	discourage	impact	job	lot	negative	studies	time	universities
disgusting	humanity	insult	what	you
favorite	kid	mouth	my	our	spit	vomit	worse
allowed	complete	complicit	disgrace	happen	punished	questioned	they	who	why
bag	but	depressive	episodes	exercise	manic	mixed	night	reading	worse
jokes	terrible
bad	feel	guys	mos	trouble
alright	but	conclusion	dude	fuck	funniest	internet	me	not	smile	so	you
suck
determining	funny	hilarity	how	large	offensive	plays	presentations	propensity	ratio	thoughts
bar	developed	none	owner	pedo	ring	sports	team	tenure	worst
shitpost	uncultured
brat	croissant	crumbs	eat	happened	left	mom	nosed	nothing	rude	snobby	snot	subway
bet	jar	left	mayo	open	smells	summer	week
but	speculation	yikes
bigot	daily	hate	site	wire
kind	reeks	scam
disgusting	finds	hope	wife	you	your
brendonati	convinced	not	panicatthedisco	post	videos
conspiracy	defend	dictator	evil	grow	murdering	pedal	so	theories	whataboutism	you
biker	girl	hot	really	suit	tight
sporadic	tube	tweeting	wifi
but	disliked
eat	garbage	likes
antwaarps	generation	integrated	not	scarf	speaking	wearing
age	gross	honestly	kids	really	stuff
courseness	culture	lindsey	log	our	pics	saddened	time	view	vonn	website
chaser	convinced	dumb	escalation	incredibly	shooting	shouting	spree
fail	fearing	fury	lost	you
breaks	goal	heart	my	nothing	shots	still
creature	hideous	poor	you
fact	fucking	level	music	no	pain	real
felt	honestly	me	sad	today	track
dumbing	lot	sense	shit
amp	dean	lot	me	my	nomore	ppl	really	saving	snap	so
but	grungy	hard	redhead	talking	tummy	watch
bad	explain	pretty	though
hard	ignorant	initially	mistake	moneyjay901	my	nothing	pic	race	sad	your
depressing	hold
doesnt	horrible	problem	removes	solve	strongest	tool
afternoon	conclusion	depressed	grim	lots	watching	whataloadoftat
bad	def	distracted	dsj	how	media	roy	situation
incest	lesson	moralising	practice	tells	us
calling	genocide	hypocritical	kettle	pot
natural	rape	selection	so
awful	carr	jimmy	me	shiver
advise	awful	kevincanwaitcbs	wait	watch
distracted	eating	friends	laughter	mhchat	my	sadness	shopping	talk	times
byekandace	cheer	jigaboo
bathe	decided	egg	weird
sparkling	still	terribledebatequestions
bubble	burst	finding	gay	kindadontmind	kylexy	married	nochance	thatmoment	watching	worstcelebritycooks	you	your
early	my	worst
bored	boredaf	country	countrygirl	kik	kikme	kikmessage	leave	snap	snapchat	snapchatme
centrism	fuck	honestly	me	started	what	wishhhh
angry	atheist	disgusted	god	idea	me	not	prefer	religious	so
man	odd	princess	story	thought	toad
crap	load	what
commentators	cringe	forced	jokes	listen	so	worst	worthy
adrenaline	breaths	cairissian	deep	depending	not	regular	shaking	varies	weird	wow	you
literally	them	worse
worst
baby	cute	disgusting	face	husband	shot	when
child	murderer	originally
argument	dumb	hate	really	speak	text	you	your
2am	awhile	bad	choices	cold	dark	friend	movie	night	nightmare	request	watched
gorgeous	hate	so	too	you
allergy	ants	bro	fuck	lot	me	too	you
45	grand	min	no	problem	weird
birth	disgusting	love	prey	so	they	women
detroyed	dude	kaaba	nothing	times
amazing	brock	money	nfl	qb	really	texans	they
jealous
air	bad	comfortable	debtor	ftfy	government	homes	open	prison	slaving	stand	their	weak
colors	owl	worst
drink	me	my	spill
arrow	confusing	randomly	shining	still	watched	week	year
accounting	environment	hate	love	people	work
2005	dynasty	missed	tigers	wtf	you
65	american	intervation	lost	porkistan	punjabified	stopped	talk	terribly	we
aquaria	cracker	delusional	humor	miz	parts	pettiness	problematic	shadiness	slightly	trixie	unprofessional	worst
boring	but	so
ashamed	expecting	fruitcart	knowing	oughta	you
basically	beer	but	fucking	garbage	jerseys	public	religion	sports
but	discrimination	feel	happen	hire	management	position	suit	uncomfortable	waiting	what	women	you
awkward	feel	timid
2013	freedom	lot	not	worse
complain	fear	ill	lawyers	legislator	mannered	politicians	public	servants	tend	they	your
bored	fat	galore	overweight	ridiculously	rolls	so
chipper	fuck	hamburger	kind	making	person	plain	sack	shit	who	wood	you
couple	glad	jerks	them	you
bad	joke	no	sitcom
frisky	season	so
ads	brand	buy	coconut	good	never	palm	understood	weird	why
depression	sucks
fox	grounded	guy	hunting	jealousy	left	policies	toffs
absurd	bar	feel	friends	nightmare	searching	series	tinder
but	cases	japan	nothing	stay	topic	you
comparison	crowder	lot	my	not	potential
joke	mushroom	penis	photos
anxiety	bad	energy	feel	high	my	office	pick	prisoned	realized	time	when
bad	disgusting	feel	snob	workers
algebra	complete	degree	ideologically	maths	me	opposed	shit
ccm	days	feel	gloomy	listen	mc	mode	nbogum	nchurch	oppa	song	spiritual	what	you
exploitation	hate	porn	so	why	women
80s	chairman	curvy	demands	masculine	men	taste	women
anime	bad	blatant	fulfillment	garbage	genre	insert	isekai	life	pandering	too
define	existence	ha	you
10	days	diapers	dirty	judging	month	my	worth
bad	clash	colorful	hope	stuff	too	weird
bullet	case	dodged	psychopathic	scenario	worst
damper	day	my	pajamas	people	quite	so	stealing	wear	work
grieve	idgi	insensitive	so
bernards	buzzfeed	cujo	fear	forget	simonschuster	stephenking
dumpster	fast	horrible	leg	lose	lucky	ouch	tagged
but	mess
deal	easily	leafs	worst
bring	despair	die	doubt	dust	enemies	fear	ground	slowly	turn	us	we	worry
bad	grandma	math
extremes	hear	kind	loud	scary	sides	totally	when	yah	you
but	eric	hurt	laugh	lot	pain	rowillfindyou	sit	though	wanted	wince
sticking	tongue	ugh
wack
but	count	dream	heard	high	midichlorian	weirdest	you
awful	so	song	truly	you
calm	relax	woman	worst
accent	scottish	supposed
awful	dance	dancing	my	rip	song
bad	layers
bunch	good	magatards	racists	sexists	vaguely	veiled	what	you
burn	disgusting	hell	how	people	vile
ads	trashier
ass	irony	lazy	my
cant	talk
awkward	good	idk	they	what
channel	house	my	point	runoff	sink	tastes	water	worse
200	but	claim	day	demand	free	guangzhou	landlords	quarantine	refuse	rent	stay	supplies	they	waive	yuan
disputed	india	invade	invitadated	land	our	pakistan	pok	sardesairajdeep	terrorstatepak	times	we	why	worry
history	magic	orlando	worst
garbage	issue	weird	word	you
arrogantly	customers	fits	oblivious	story	viewpoint
describes	tag	vicious	views	worst	your
route	they	very	worst
awful	guys	holy	roleplay	scumbags	shit	so	you
ha	highlight	nasty
glory	gruesome	kills	though
conservatives	gross	immoral	sex	them	they
beguile	castorated	children	disgusting	filthy	gonna	not	our	pedophilic	scum	who	work	you
bit	disgust	little	point	scared	simmering
barroso	eu_commission	goldman	inflicted	irishtimesbiz	itdominiccoyle	problem	very
attacks	citing	countries	infidels	muslim	not	reason	refugees	terror	terrorism	understand
bed	creepy	leave	morning	stand	table
ampalaya	anniversary	bitter	happy	how	not	paitpaitanangpeg	when
form	heartbeat	longing	loss	memories	my	sadness	shape	stumbling
daily	feel	takes	train	worse	you
discovering	fixed	grammar	history	horrible	point	simple	single
dirtiest	psychopath
disgusting	so	vwp
arround	big	doorjambs	drop	gleeful	likes	people	ride	shoulders	spider	them	unexpectedly	vents
absolute	month	release	remember	shitstorm	you
creepily	reproduced	yeah
50	grapefruit	marksandspencer	not	squash	unhappy	weeks	where	your
bad	guy	my	they
capitulate	condescension	shame	spell	wrong
bad	smelled	they	thought
affliction	ctv_powerplay	disease	grandmother	hard	horrid	lraitt	maternal	my	sisters	suffered
btc	coin	shite
suck
induce	mine	multitasking	restless	seeds	sleep
but	pity
love	mom	our	responds	sad	sav	tells	you
displeasure	our	pieced	shakespeare
issues	no	vpn	weird	winnipeg	you
nice	so	ugly
fucking	helping	motherfucker	not	racist	society	yet	you
garbage	total
citizens	elected	interests	naturally	officials	people	so	they	votes
classic	disease	foreign	people	scary	spreading	talking	trope	vile	xenophobic
but	citizenship	families	immigrant	time	weird	working
awful	glitter
fucking	game	how	ice	powers	pretend	wikihow	you
actual	friend	narcissist	not	raging	terrible	writer
bro	bsmarz22	haha	man	married	mizzymaxx	sadly	ssmik2309
80s	95	99	fighting	haideralabadi	hassanrouhani	iran	iranian	iraq	iraqi	political	terror	ykrahs666
decks	dirty	doozy	retired	secret	they
break	csnhayes	hard	offense	star	understandable	when	wins
drink	hey	people	their	too	urine	who
absurd	amymek	country	crying	feel	future	laugh	our	so	wakeupcall
dead	drag	moment	mongoose	thought	watching
children	expected	headline	mother	population	shrink	weird
casuals	faved	gag	making	me	tweets	vic
comment	killed	me	pieces	rip
burps	carbonated	point	still	talking	though	weird	wet
babies	easy	eats	hear	punches	puppies	rest	sundays	week
approach	country	divided	fight	how	martyrsnotbeggars	our	pakistani	so	terrorism	we
awful	troll	you
5livesport	heard	pmo100	talk	weary
23	leave	married	not	ugh	you
breeders	confusing	ive	minds	ugh	weird
girl	haunt	left	life	loves	me	nit	thought
bible	fuck	hears	shit	verses
actual	cheating	disgusting	subreddit
article	nonsense	pretty	so
but	difference	games	hate	veteran
ice	nasty	really	spirited	thought
area	cars	drivers	fateful	imagine	incompetent	innocent	intersection	live	plowing	who
amityaffliction	dailyfeels	drive	kind	nightmare	today	work
despair	ha	lyricconcert	susanbrodigan
cats	deserve	pets	repulsive	they
badkarma	contact	hope	issues	lacking	reaching	severely	technical	unhappy	your	yourkarma
brother	my	phone	shower	smell	you
despises	them
beak	followers	ilovetailgating	jaredwyand	shocking	woman
bot	crimsonwulfe	feel	not	person	real	sad	super	talking	when	you
amp	charlotte	cnn	donlemon	northcarolina	ovet	protests	rejoicing
abo	dirty	you
dirty	kimono	them	wearing	weirdo
awkward	day	me	nconclusion	nme	ornot	picture	pictureday2016	smile	smiling
150	apartheid	bad	blame	decided	dont	kinda	mind	speaks	they	years
gross	stuff	watch	youtube
brother	dad	incel	ugly	upset	you	your
farting	me	shower
humidity	sydney	worse
89th	brooklyn	driven	north	worst
radio	worst
awkward	but	sad	stupidly	wanted
dark	god	jeezus	macmacm43
blue	color	confirmed	royal	scheme	switching	teasing	their	they	unofficially	us
bullshit	matter	recycle	shit	signature	smells	win
but	disgusting	fascinating
bird	box	direct	dirty	feel	movie	streaming
attention	but	fly	lot	soup	tiny	very
21	ridiculous	tenure
but	ddr	guy	hate	korean	not	pump	rip
cunt	defending	deformed	disingenuous	droves	masculinity	neckbeards	their	undeveloped	you
you
backtoreality	days	left
45	65	billion	complete	crisis	dryupquick	high	hilarious	itll	joke	opiod	pennies	pools	risk
book	cazual_wear	gun	itsagunalright	me	scottinsc	shaped
depression	messyourself	why	you
400	acting	blood	bucks	charged	check	doctor	high	little	medication	my	pressure	renewing	weird	wife
bars	gloomy	mind	prison	ribbons	you
artemis	but	my	suckers	waifu
comments	disgusting	me	mother	my	reminds	so
design	facebook	god	heyday	me	myspace	remind	started
attacks	electing	future	good	jihadist	job	london	luck	mayor	muslim	nice	paramjitgarewal	sadiqkhan	terror	your
christy_rtr	despondent	doge_e_fresh
bitter	friends	life	moving	when	your
gloomy	higher	serves	village	wolves
filthiest	hope	menus	restaurant	they	touch	you
calm	colt	condescending	creepy	hate	psychopath	so	talks	voice	weird
excuses	lifecoach	regret	time	you
dirty	messy	never	outsiders	treat	urban	village	worked
creepy	nothing	power	shower	when
barb	dropped	gotham	main	pine	relationship	stopped	tabitha	they	watching
bathroom	clean	they
butter	nasty	peanut	straight	trash	vomited
believes	horrifying	kidnapped	our	prostitutes	raped	so	society	still
cruel	dude	my
blame	broken	how	madden	tdsnation	year
yuck
stayed
fans	fucked	implying	packers	siblings	their
falls	finds	person	version	weird	where
feeling	gut	nothing	official	though	today	update	we
bless	disgusting	honestly	hope	horrendous	horrific	life	lived	perpetuating	sounds	woman
gonna	good	horrid	mine	tbergg1	week
georgia	hag	no	suck	ugly	you
albums	center	fans	left	never	nothing	sell	stage	stubborn	vain	who	worked
rebound	set
confirm	dated	fan	pens	swb	very	weird
celebs	culture	feed	hookup	horrendous	news	porn	shit	snapchat	stories
conservatives	creepy	extremely	fudds	gigantic	girlfriend	lot	my	point	triggered	uncle	when
actual	awful	bits	cooked	hilarity	ingest	no	raw	safe	taste	tasted
agree	brutal	content	responses	thread	unfortunate
account	apple	cellular	consumer	customers	iphone	mad	me	mine	set	their	they
disgusting	horny	incognito	opens	secretly	tab
care	exposed	feel	me	media	so	social	what
people	shook	so
creepy	nothing	panic	power	shower	when
depressing	gym	hate	knowing	morning	so
cringe	hard	my	parents	real
my	phone	picked	shocking	so
buddha	donors	earns	grants	hope	joke	merit	them	what	you
filthy	stay
400	choose	common	derogatory	generally	meaning	people	sense	taste	word	years
campus	college	feel	surrounded	undergrads
completely	epic	favorite	hardhomme	no	ridiculous	stare	unbeleivable
dude	fukc	lost	morning	my	spectacles	strong_bread	we
2005	bad	me	memories
cereal	gross	milk	mushy	soaking	stuck	they
but	sucks	you
agenda	anytime	awful	force	government	legislatively	pass	precedent	president	set	shut
cant	flavored	hate	how	mint	stand	toothpaste
condescending	cringey	reddit	tyl
game	lot	so	stupid	tbh	ways
but	circumcision	foreskin	involving	love	me	sort	trust	weird
factory	febreeze	lysol	panic	position	slowly	smells	spray	stuck	suffocating	trash	we
dreadful	netflix_me	penny	season
beating	comparison	detailed	disgusting	explicit	fantasies	girl	little	me	ridiculous	sexual
child	everyday	father	keithlamontscott	media	scroll	social	wake	when	you
annoying	idealogues
change	foh	lewis	lost	raylewis	remus	theydontlikeyoueither	uncle	unwoke
leave	we	what	you
comment	credit	me	meme	too	trash	you
bet	blessing	hearing	loved	me	media	messaged	mum	not	social	though	weird	your
doomed	game	hate	you
bringing	fucking	giants	hell	they
complicity	interference	keithrothfus	no	problem	russian	russianhacking	sad	silence	treason	you	your
depressing	life	me	movies	my	watched	wow	you
amarnathterrorattack	amitshahoffice	arunjaitley	care	lv	narendramodi	officeofrg	opstn	politicl	ppl	prties	whn
amp	behold	creeps	datelinenbc	me	person	shudder	sight	smell	sound	still
but	fearsome	feel	giant	jump	movie	scare	sharks	squid	why	worse
clown	guardian	guardianaus	nightmare	president	probability	realistic	their	uspol
model	not	snap	welfarereform
corn	creamed	foreseeable	future	panties	planning	poor	tehe
comment	imagine	post	shame	thinking	you
2am	never	road	they	towing	vic	washed	worse
aunts	behavior	disgusting	dont	loss	your
me	tlj	worse	you
big	chested	childhood	cover	double	drunk	implying	meaning	model	pose	problematic	slogan	suggestive	they	what
addictive	burn	decent	tobacco	weed	you	your
boy	factor	leader	limiting	no	paid	raped	silence	young
21st	banality	century	cruelest	dullards	evil	gormless	pack	people	room
bit	offer	recommend	song	strokes	their	them	they	told	weird	you
ahsaftershow	horror	hunks	mamasitas	talk	therealedhansen	trixiemattel
ive	lol	naynay_whores	pretty	sad	saturday	super
cheer	drink	flanneljedi	watch	why	worst	you
availablecar	burst	disgraceful	driving	hands	left	mistakes	moment	their	tyre	wash
advice	ashamed	posting	read	worst	you
hideous	sounds
comment	cut	final	so	terrible
blood	but	poor	redhead	true	vampired	virgin	worse
advice	blindly	debate	obey	question	us	worst
afraid	blackmen	large	sherrieshepherd	whitepeople
escaping	growl	unknownandyoung
23	coworker	daughter	loss	mourn	saddest	their	wife	year
bad	bating	close	gotta
awful	history	human
beach	fresno	long	weird
bridge	eats	goat	goats	no	they	troll
bits	creepy	fleshy	general	genitals	kinda
acknowledges	bible	gods	kind	reasons	selfish	they	we	weird
laziest	team
disgusting	floors	paneling	ugh
ahh	bush	chooks	culturally	gags	inappropriate	lit	mate	reich	time	we
beat	character	face	guy	who	worst
500thtest	b_mccullum42	bcci	colors	hitter	match	national	nightmare	odi	t20	their	virendersehwag
depress	literally	me	tbh
active	early	education	hard	kids	life	money	participation	rich	still	training	what	worthless	you	your
board	but	loathe	lynching	not	obnoxious	too	twat
bizarre	establishment	food	menus	pictures	rational	so	we
dubious	experimental	practices	psychology	shame	so	statistical	still	studies
awful	loss	so	your
boy	creeps	me	scotland	yessir
disgusting
but	despair	driver	patblanchfield	so	uber	you
bockaguyjim	generalgoodsman	losers	mchorsefayse	nevernotdavid	owned	sad	so	twitter	you
completely	disgusting
floor	happened	incorrect	ruling	why
50yrs	bournemouth	confident	experience	hope	never	our	sad	successes	they	wysdaily
beating	children	emotionally	not	physically	shit	wasted	wife
5v3	ugly
bend	break	heart	my	shake	you
carpet	karenl109	replace	shocking
absolute	good	reason	shit
grieve	how	legally	person	who	yet
20	guarenteed	packs	really	worst	yeah
15_jordyn	clown	creepy	enoughisenough	mrscassonc	neighborhood	your
brain	dead	idiot	really	you
atlanta	car	crash	dads	died	favorite	fiery	my	rappers	sad	so	throwback	today	wow
announced	cisco	faint	ios	patched	shocking	they	users	vulnerabilities	week	what	yet
but	earned	killed	love	my	packers	people	ridiculous	spot	you
ashamed	blasphemy	human	level	putting	sacrilegious	spreading	you
naked	when
nope	weirdo	you
hate	how	huns	pretty	rangers	spend	talking	threads	time	weird	you	your
favorite	insult	my
horrific	omg	rosskemp
2day	agent	bcuz	bwi	deltaassist	earlier	flt	late	silvereliteleftbehind	turnd
dat	flag	flags	jbanks88	lbs	lead	league	missed	no	offense	points	pull	redzone	score	trips
description	friends	gagging	reeks	smell	tweet
chicks	pubes	seat	stealing	toilets
butt	my	poop	you	your
disgusting	likes	song	young
14	49	birmingham	carriages	commute	dobetter	friday	hereford	londonmidland	no	room	stand	unhappy
crying	jerk	mirror	you
confused	disgusting	face	knew	meant	pretended	save	what	you
campaign	creepy	extra	light	revelations
collecting	entitlements	not	paradox	still	theft	working
fumbles
my	never	scat	vomit
cjjjjjjjj	fuck	yesssss
depressing	life	my	word
depressing	favourite	highlighter	hit	pan	pretty	when
but	hell	holy	not	palms	really	sweaty	uncomfortable
filthy	peasant	ricefield	you
disgusting	feminazis	fuck	hijab	trash	your
dog	treats	weird
awful	bed	cheese	dreams	eat	lovemysleep	night	nightmare	really	strange
awful	how
play	power	worst
constantly	hates	no	petry	puck	reason	stick	team
affliction	amaity	joaquinputoamo	vas
character	deduced	hairstyle	hated	lidong	they	umbrella	zhao
declined	honoring	multiple	nomination	primary	senate	shit	times
blood	but	concern	dad	dear	doctor	drawing	gawd	liking	me	my	needles	nice	poking	post	prodding
but	depression	exposing	helping	judging	too	you
control	hospitals	labs	normalize	pandemic	private	public	remove	testing
creepy	really	whoa
bad	but	creek	dump	heard	ranch	shadow	smells
aqpk	expected	hilarious	no	remember	too	worse
agree	blind	but	civil	clause	exams	facto	grandfather	jure	literacy	post	racial	racist	usa	voter	war	you
bohemian	but	great	horrible	lot	queen	really	rhapsody	song	songs	them
alcohol	bad	chronic	pain	really	remember	so	treating	what
allowed	goal	mistake	mistakes	tho
afternoon	chilly	cigar	congresscritters	cspanwj	damper	good	my	nasty	not	rain	tomorrow
really	worst
continue	drive	my	point	thinking	weirdo	you
badass	pretty
irrelevant	ppl	r0ils	smiling	they	triggered
but	disappointing	drugs	involved	mother	quite	response
asked	bad	bully	joshgad	man	me	mute	my	son	trump	we	year
child	dumb	kids	seat	secure	so	them	wtf	you
chase	fame	nchasing	nif	nto	nwhen	nwrdsmth	resent	starts	you
drops	fine	map	ssd	terrible
50	creepy	downright	inappropriate	quiet	testing	you
disgusting	filth	piece
arrest	called	cardiac	cut	finger	jonnyp_43	medchat	medicnow	so	turned
alarm	but	innocentia_t	nap	scared	set	tomorrow	wake	wanna
bears	suck
forcibly	making	nothing	people	striving	though	wrong
context	horribly
10mcg	celulose	corn	cyanocobalamin	fillers	me	starch	weird
pretty	shit	tbh	you
blankets	eternal	hoody	mope	no	still	sunshine
coffee	cream	disgusting	drinks	liquids	not	we
dreadful	penny	watch	why
life	lost	what	when	where	you
bottle	hate	nalgene	plastic	switched	taste
iaindale	lbc	moist	my	opinion	scrape	shudder	ugh	word	worse
bad	bingo	bit	deleted	person	snapchat	you	your
disgusting	embarrassed
awful
bald	leaves	me	papaoutai	still
absolute	born	despair	hope	komaebun	thinking
bad	coming	high	housing	left	mouth	my	opinion	taste	very
calling	creepy	dress	gross	kid	liking	little	misogynistic	play	sexualized	thread	trashy	weird	yeah
aggravated	assault	cruel	hook	officer	police	unusual
eating	leather	processing	skin	steadi_lady	tannery	you
anus	man	middle	my	seed	skins	skip	squish	them	vomit
borderline	college	egregious	football	missed	really	targeting
application	bullshit	deloitte
amp	body	death	doubles	fooled	hawkings	long	msm	rejoicing	secret	so	they	us	xmaseveevil1
adults	children	consenting	illegal	long	not	parents	relationship	sex	siblings	they	when
badly	so	term
attack	horrible	interview	long	manages	people	questions	they	who	your
although	but	button	fuck	healer	maiming	me	when	you
ambulance	blood	but	called	cops	covered	disoriented	how	not	they	why	wondering
407	difficulty	hard	me	playing	quest	weird
not	unpleasant
amp	blanchardstown	centre	figured	lost	marks	shopping	spencer	today	where	working	years
dull	friday	kinda	untypical
15	sex	weird
comments
longer	worse	you
fake	news	very
administration	cut	fetal	hiv	misleading	not	programs	still	stuff	sucks	though	tissue	title
forgot	nightmare	overnight	phone	plug
hands	sweaty	their
bothers	me	respond	texts	weird	your
bad	feel	house	slaves	their	understandable
creepy	you
nobody	stupid
driving	me	my	pants	paranoid	people	pooed	when	yikes
haked	me	pictures	reminds	sayings	ugh	vague
blessed	brand	car	disgusting	literally	me	so	submissive	you
hate
ima	kitchen	sink
kind	special	stupid
disgusting	oil
gloomy	hour	literally	megalvz
car	current	grim	milk	my	radiox	stinks	tomorrow	win
horrible	hydrating	meat	taste
child	hard	hell	joyful	life	little	lives	middleeasteye	peace	so	their	we	why	work
mondays	weeks	when
branch	chainsaw	cousin	exact	forehead	killed	punched
biology	day	department	dull	never	paid	poop	rat	vacuum
bigger	but	offer	reported	stunned	turd	what
hate
but	fav	great	horror	movies	my	them	they	too	years
city	crescent	guys	hope	sucks	you
but	feels	music	player	playing	restless	scrolling	so	tired
hate
70	birthday	bunch	happy	laundry	me	strangers	watching
calls	code	day	grandparents	green	isolation	my	nope	not	return	skip	still	telling	test	tests	us	we
bees	me	scared	terrify
question	shout	simple	them
but	death	ironic	not	save
bus	companys	doesnt	employies	excuse	happened	matter	retail	their	throw	where
childish	host	hurts	physically	sarcasm	sense	so	superiority	terrible
funky	town	worse
sort	weird	wholesome
greasy	too
bolted	chinese	disagree	fastest	gotta	heels	mention	nap	our	shook	teacher
lame	uncomfortably
cared	never	sunglasses	they	who
bit	creep	honestly	me
but	families	happy	hate	me	sad	so	sweet	torn
fishing	friends	jump	month	my	story	terrible
ariel	barbaria	brutality	hilarity	hot	julian	king	korgoth	malkarii_
continuous	disgusting	houston	iso	still	watch	year
abused	hard	so
no	scared
brown	care	people	security	supporters	they	told	what	you
clumsiest	dude	promotion	wow
100	love	real	though	when	worst	you
floor	masturbating	naked	patient	repeatedly	who	woman	young
homophobic	openly	secretly
deutschland	rotten
abuses	abusive	blameless	grows	kid	pedophile
btw	but	insidious	love	manipulation	mother	my
chicks	dude	fucking	goober	good	my	stars	you
antisocial	goingcrazy	helpme	insane	nervouswreck	not	pileup
day	entries	horrific	me	quietly	reams
err	fake	oranger	shade	still	tan	weird
bleach	fair	fuck	songs
block	city	specific	worst
forced	prison	work
grimy	shudder	theurbanologist	tunnels	tweets
condition	dad	day	game	however	my	sweater	wears	worse
breaking	extreme	fan	matter	news	sports	stupid
rookie	season	worst	year
bad	crap	holy	movie
boi	bullied	hell	minnesota	soft
horrible
awful	disgusted	involved	involving	nightmare	sick	so	when	where	woke	worms
anxiety	how	lgm	mets
believed	disgusting	disturbed	headed	never	people	so	where	yeah
dirty	disgusts	liquor	malt	me	men	nasty	pos	wifebeaters
curbing	irony	lecturing	pakistan	terrorism	undp_pakistan	unhumanrights	wat
adversely	gonna	guess	hazard	saints	they	worse
guys	paid	set	worse	wow
nasty	nsfw
depression	dissociating	equals	hunger	so	time	weird
15	difference	fosu	league	mensa	minutes	nightmare	premier	reserves	still	wide
damn	how	post	you
aldub62ndweeksary	cheerfulness	early	extremely	morning	obnoxious
10	15	china	dumps	garbage	how	news	numbers	piece	read	sea	staggering	years
college	excited	exhausted	hopeful	making	pessimist	returner	sick	transition	yearly
access	called	drive	illegal	lose	making	menacing	ocean	sisters	terroristic	threat	threatening	your
husband	lie	reputation	spread	who	worried	your
but	ice	really	rip	scum	vanilla
brooklyn	dude	wtf
ashamed	banging	disgusting	excuses	no	sales	you
dread	making	me	tonight	weather	work
architecture	but	form	narcissusheiyan	oppressive	people	sixth	stayed	still	uninteresting
canal	disgusting	feel	fingers	imagine	option	penis	vaginal
bissexual	friends	love	never	problem	sexes	so	tbh	tho	weird	you
alex	alright	blast	boy	music	neighbors	party	who
bosnaud	code	cryptic	feathers	resorted	ruffle	scared	so	unclecamscabin	writing
awake	shitty	taste	what	you
mark	mess	nsfw	people	title	week	worst
completely	cruel	dark	execution	how	informed	left	never	relatives	their
addict	artists	blocks	cats	coffee	gt	hedonists	mylittlepwnies3	terrorism	writers
feel	how	they	weird
70s	awful	hc	repeatedly
good	kid	murder	sense	so	we
but	disgusted	not	shocked
disgusting	person	what
brutal	piece
broadband	bt_uk	regretting	shocking	shouldofgonewithvirgin	signing
cuddle	guy	law	sister	tired	too	wife
arrogance	but	fine	lose	never	respect	what	you
brushing	darn	good	lord	never	vomiting
badass	people	quote	read	sounds	stupid	when
breezy	days	forgot	halfway	longday	mombrain	realize	toomuchgoingon	underwear	work
disgusting
bit	car	chafford	dark	lights	nights	park	sainsburys	scary	store	their	turn	you	your
box	china	corrupt	dada	extradition	guanxi	idea	murky	no	pandora	toad	turn	vanre
dull	how	swp_roads
ew	photo	slut	text	touching	what
afghan	bad	bode	girls	not	option	statedept	woman
damn	fuckin	stink
feel	intimidated
abt	amp	controlled	development	how	incredible	laughter	nawaz	pak	pakistan	sharif	talked	terrorism	victim
bad	hope	horrible	imagination	imtarakate	not	person	realizes	really	stretch	uggh	you
amusement	kill	literally	not	them	they	though	vertebrates	we
abuse	bastion	still	super	tbh
bruise	door	fingernail	fingers	nasty	shut	smart	so
cliche	ended	practice	private	so	terrible
disgusting	distilled	doxxed	hatred	lifesite	news	pure	website
blocked	constructive	criticism	heather	hope	laura	lazy	mcdermo11	no	retire	rogerc32	so
sucks
absolutely	crime	forces	man	not	penis	smoking	vagina	what	woman	you
energy	weird
close	phew	sounds
belts	ugly
care	gotham	horrible	kamper10	mid	point	season	smb_ryan	watched
confusion	discussing	night	resentment	sex	weird	writing
nasty	smoking
but	distracted	edited	haircut	little	meant	voters	what
fuck	polite
eats	lying	tacos
9th	but	city	country	group	guess	largest	them	weird
fuckin	men
awful	but	calling	you
disgusting	truly
balls	hurt	kick	when
disgusting	freaking	kid	my	never	nothing	weirdo
horrid	outfits	season	yea
alright	avatar	earth	films	genuinely	happening	terrible
belongs	fans	literally	weird
badly	so	they	union
killed	me
arrows	green	running	weird	yeah
allergies	car	care	forced	messy	suffer
chirp	girl	refuse
betrayed	fed
bye	cheerfully	cohends	garbage	yell
disgusting	insane	people
disrespect	how	reijka92
fast	fishing	lane	sitting	tickets	ugh
bushes	but	eastern	knew	lot	people	ridiculous	suburbs	their	trim
bad	biological	child	control	father	kicking	objectively	their	trait
imagine	me	nytimes	president	response	terror	terrorizes	thought	trump
blinders	friends	hate	people	their	when	who
13	butt	defended	drugged	girl	raped	when	year
bad	characteristics	good	takes
16	attracted	creepy	yeah	yearolds
boyo	grumpy
hate	hope	no	pelicans	them	they	trade	waste
04	custom	jerseys	madden	newenglandpatriots	whack	when	you
amp	awe	bigdaddyx47	cats	dogs	snake
diversity	fans	felt	humankind	moon	pack	truly	we
disgusted	harsh	noooo	when
dumb	fucking	people	so	you
accidentlyspillbeeronthecarpet	carpet	cleaning	leave	nimber	rule	worsethananatomicbomb
accent	bad	but	connect	internet	no	procedures	spanish	stinking	you
hell	holy
bad	practice	wednesday
bad	glee	kurt	literally	me
exsists	internally	kills	latin	me	pig	plastic	surgery	why
briardpup	dogworldnews	fur	pal	shocking	they	wrong
awful	combination	continuing	defense	god	lapses	sabres	saga
engagement	held	higher	level	officers	our	police	rules	sad	soldiers	war	zones
you
goop	website	what
music	scene	worse	yeah
10	absolutely	calls	damning	minutes	phone
18	20	2016	41	cbsthismorning	discourage	edt	fail	newsgirl123456	profiling	september	terror	trump
buying	chests	godlike	holding	prefer	skin	winner
awesome	behalf	my	native	offended	paternalism	robertb_rice	saidnondnever	we	you
cares	nothing	opinion	profit	public	selfishness	staggering	who
africa	hard	moving	overpopulation	problems	starvation	tremendous	tribalism	unique	war
beaten	branded	but	campaign	energy	establishment	george	not	son	thehill	trump	unhappy
bum	crawls	fear	havin	life	long	shit	spider	ya
age	cut	hire	hollywood	iamnotatwit	lie	my	spry	thegoldbergs	years	young
country	epicentre	global	human	india	pakistan	preaching	reply	rights	unga
antifasupporter	bush	giggles	hipocrite	liar	nancypelosi	no	troublemaker	trump	you
announcers	card	favorite	fighting	games	me	my	racing	reminds	school	sting	title	videos	weirdly
bound	dad	disabled	facility	my	no	parents	ring	shocking	they	tomorrow	washing	wheelchair	when
dealerships	working	worst
comments	gardeners	hys	internet	question	time	worst	youtube
envious	so	yeah
account	but	obnoxious	so	twitter
day	days	national	straight	work
but	destroying	future	process	robots	your
babies	me	nasty	opiates	puke	science	so	where
disgusting	people	they
11	game	question	shut	somewhat	valid	when	yeah
nasty	woman
fuckin	sucks
charged	clench	eww	literally	my	samples	stomach	they
average	discouraged	dpt	feel	gpa	kin	major	pretty	programs	solid	thought
advocates	bad	believing	communism	head	kicked	private	property	society	stateless	they
children	feel	learn	live	ridicule	shy	they
hips	not	pencil	sense	skirt	slit	swishy	tight
awful	awfulness	disturbing	feel	incredibly	makeup	not	professional	purposeful	shock	theatrical	unintentional
perilous	sporadic	tube	tweeting	wifi
shit
bentleysystems	configurations	despair	hast	thy	what
festival	fucking	gross	trash
absolute	bit	bus	cake	car	crash	horror	icing	my	shaking	still	terrible	week
forbid	heaven
awkward	video
banned	disgusting	free	our	sites	society	tube	where
adults	ash	childhood	drank	foolish	how	ignorance	refused	scolded	stuff	swallowed	time	ugh
cake	doubt	enjoy	icing	killers	killing	serial	stuff	them	they
awful	sounds	ugh
awful	dear	lord	woman
dream	pipe	really	talking	thinks	worth
dangerous	hand	ride	scooter	shit
60	attractive	butt	exposing	falling	so	weird	woman
but	comfortable	day	nap	never	night	nightmare	sleeping	so	when	why	you
arbitrary	council	fits	hikes	localities	no	size	test	turned	yet
burning	me	medicine
hated	thought
beautiful	colors	me	richness	so	ugh	wanna
apples	covered	lovely	mold	oranges	rotten	shiny
celebrity	cheap	feels	internet	shameless	vulgar	word
lonley	overwhelming	pass	sadness	startingover	too
worse
agreed	endgame	feel	girl	how	pick	rumors	you
blaine	close	continue	dead	glee	honevbee	my	shots	talk	ugly	years
decent	gonna	hate	haydel	icing	randazzo	ships	terrible	their
bad	disgusting	idea	really	straight
anthony	breaks	clinton	dming	exist	heyday	prayer	revelation	texting	time	weiner
hungry	money	too
chase	clear	door	expecting	fear	fool	indoor	my	nam	nbut	open	path	rat	silent	voice	weak	wise
bit	odd	plan
concern	david__osland	deselect	encouraging	gambieranger	leader	supporters	us	who	why
abuses	disgusting	downvoted	eugh	kids	literally	live	pointing	society	we	wow	you
joke	somersetccc
