accept	and	are	assume	can	cases	commit	guilty	how	in	innocent	many	mean	men	places	proven	rape	refuse	to	until	women	you
also	dishes	etc	it	off	out	she	shower	takes	to	wash	work
absolutely	disgusting	thats
forgot	me	please	tell	the	you
accepted	accountability	amp	concept	deaths	despite	driving	have	of	on	personal	rage	road	still	the	violations	we	while	widely	yet
disgusting	example	misuse	of	on	orwellian	perfect	the	this	website
despise	really	that	woman
are	disgrace	food	get	money	people	should	stamps
and	basis	done	either	haven	no	re	speculating	that	they	with	you
bad	be	handle	honestly	if	just	removed	the	they	wouldnt
ah	yuk
disgusting	fat	making	moron	name	talk	this	to
anyone	awful	else	greens	like	logo	look	not	optics	the	this	year
damn	that	ugly	was
haha	is	scentsy	terrible	yeah
after	at	can	emoji	exact	find	it	moment	need	never	panic	that	the
and	are	because	is	labour	option	other	the	they	treacherous
24hr	7am	an	at	by	churning	in	mcdonald	near	of	office	place	smell	stomach	the	to	use	walking	was	when	work
an	become	full	going	has	have	hillarysheath	hotrodarchie	is	issue	left	mode	noticed	ntac	panic	qadkins79	since	the
all	can	daily	donaldjtrumpjr	for	is	kayleighmcenany	keep	offer	really	sacrifice	sad	safe	that	those	to	who	you
heck	heckin	holy
away	dreadful	gave	oh	things	those
by	fear	honestly	is	jury	my	of	peers	trial	worst
5679787	as	cannot	dm	don	each	fail	follow	it	letdown	not	other	party	partydelightsuk	such	we	you
am	ravenclaw	sadness	shouldhavebeenhufflepuff	thecatcampbell	too
but	feel	get	like	much	say	shit	that	to	too	want
any	company	control	disgusted	for	had	happen	hilton	hotels	if	let	of	one	ounce	outside	the	their	they	this	work	would
dread	math
baddest	chicago	fact	in	is	of	part	side	south	the	town
horrible	take	that
actually	because	bored	distracted	few	found	getting	had	kind	myself	of	rewind	times	to	was
15	and	calling	doom	down	fitzstockcharts	for	gloom	gundlach	move	rounding	top
and	hellraiser	is	let	lot	me	month	of	read	reboot	script	tell	the	them	this	ve	worst	you
and	because	could	drive	in	kill	lane	never	other	over	person	swerve	the	then	you
but	hideous	it	so
awful	is	this
be	course	discouraged	for	is	jwonder81	macadamionnut	must	of	problem	progress	rhetoric	sake	substance	the	well
heyday	his	in	like	looking	mickeyrourkefp	thenotoriousmma
america	become	entitlement	female	has	hated	in	loiuselinton	martinshkreli	most	notcute	skill	some	takes	that	the	woman
for	how	it	just	like	lol	minutes	nascar	on	suppose	tangent	they	was	weird	went
cooking	ever	have	heard	is	on	take	the	this	worst
and	been	before	cause	god	knows	lbvfs	lord	me	my	she	sick	sink	stomach	sue	thank	that	to	ve	walked	wanted	warned	would
abhorrent	after	educated	fetus	is	killing	people	that	think	umm	viability	who
and	awful	be	before	believe	have	how	it	just	name	one	people	to	will	wonders
abuse	and	constantly	degrades	he	hits	if	it	you
anthonyweiner	distraction	election	gascrisis2016	going	is	nodapl	on	race	rape	really	riots	selection	syria	terrorism	what
its	then	treason
awardsdaily	don	going	handle	how	is	looks	murder	see	shudder	tate	that	to	want	way
harder	have	it	kids	partner	the	when	with	you
at	certainly	game	is	it	least	the	though	worst	zelda
all	dark	in	pussies	re	same	the	they
absolute	and	based	hated	is	least	only	outfit	who	worst	your
aren	battered	be	been	better	but	complain	convinced	could	despair	get	make	on	questions	so	some	things	to	twitter	ve	want	we	you
10	after	also	and	are	bald	chimpanzee	choked	dark	imgur	is	last	me	naked	nearly	out	picture	right	showed	too	washed	your
agenda	blasphemy	deny	even	fit	is	literally	much	not	place	reddit	religion	scripture	so	this	to	you
about	football	league	managers	nigeriainfofm	of	selection	should	start	talk	the	think	way	we
and	as	bigger	but	gotten	has	he	it	much	older	so	worse	yes
02	2003	and	at	been	born	ffs	honestly	in	least	please	posting	seeing	shit	since	stop	this	tho	ve	was	we
being	ix_sw	just	not	othrcarl	purenift	sadly	smutty
about	bit	everyone	everything	great	has	how	is	name	negative
awkward	don	forget	the	tomboys
and	are	has	he	his	in	maturity	of	old	right	soul	the	ugly	year	you
agree	and	as	but	does	general	gotta	in	lil	loves	music	new	old	perspective	pump	really	say	someone	suck	who	with	your
are	hideous	name	these
act	against	always	and	essdotx	favor	forgiving	her	his	in	interest	is	jovial	negro	of	oppressor	pressed	self	the	to	upon
didn	huff	see	them	xblademania
bad	because	bug	downright	embarrassingly	hope	it	looks	that
about	all	are	baby	can	complete	cuz	do	get	guilty	horrible	insomniacs	like	shit	sleep	sociopath	the	they	too
after	as	ceiling	nasty	on	posted	settles	some	stuff	that	thinking	tiles	was	well
be	being	belief	called	is	it	just	law	literally	not	penetrated	peoples	rape	required	says	systematic	that	the	to	when
barrel	bottom	can	hangs	help	of	out	president	that	the	with
apparently	as	by	disgusting	either	its	just	posted	she	this	though	was	way	woman
for	stinks	wich	you
abt	cost	country	dat	de	dvlpt	elated	even	fails	for	happy	make	modi	more	narendramodi	nything	of	sardesairajdeep	seem	the
amala	and	crash	dressed	eat	gate	gele	go	in	lace	lagos	my	next	owambe	shake	somebody	the	time	to	waist	will
always	but	coming	filthy	friends	have	home	house	is	isnt	it	its	like	mess	my	problem	serious	twitter	when
all	be	do	figure	firerocket	fool	gotta	if	is	ll	man	my	now	on_earth	salary	taking	what	you
as	be	beckett	death	even	ghastly	hallucination	instead	is	it	may	minus	of	one	root	samuel	some	square	such	the	unreliable	zero
comment	didn	even	it	like	re	read	responding	the	to	you
2013	concluded	disappointed	graduate	however	lestweforget	nigerialng	not	on	recruitment	tonyattah	trainee	weary	wewait	yrs
are	character	confirming	for	is	my	of	so	suspicions	thank	what	who	you	your	yuck
be	by	deceived	distrust	friends	is	it	more	our	shameful	than	them	to
70	and	are	awful	bad	bunch	buy	did	get	good	movies	moviestvnetwork	now	of	on	really	then	there	were	worse	wow	you
affair	an	and	are	because	betrayed	caught	cheaters	got	had	imo	not	only	sorry	spouses	their	they
8k	about	adamcimmering	are	at	be	before	boro	chelsea	could	get	give	good	lively	os	out	stewards	the	then	they	will	work
absolutely	awful	cringe	crossover	elseworlds	every	her	in	it	made	me	much	on	performance	screen	she	so	that	the	time	was
after	an	dr	extremely	hear	later	like	long	messy	name	situation	split	story	they	this	to	up	very	with	would	years
guy	is	neurotic	seriously	the
blake	bls	depress	my	the
also	in	instigator	noting	op	racist	situation	that	the	violent	was	worth
always	bad	but	have	is	just	kinky	liked	people	sex	this
and	family	for	haha	her	him	in	murder	then	tries	twist	weird
an	drunk	girl	obnoxious	what
and	been	bottom	could	have	name	pic	the	this	ughhh	way	worse
all	black	mourn	rosalilium	to	tomorrow	wearing
mind	their	ugh
bb18	congrats	fix	nicole	nose	now	petty	that	to
alone	aloneinthecity	being	better	empty	is	know	loneliness	lonely	right	than	that	what	worse
he	horrible	was
an	and	average	by	he	his	man	notorious	of	partly	product	so	standards	terrible	the	time	was
ad	aww	fucking	hell	no	this
as	be	gonna	hell	of	omg	reunion	that	well
aimed	at	directly	individuals	is	shirt	some	this	ugly	very
arms	girls	hairy	me	scare	with
fuck	in	now	position	right	sitting
about	anything	don	harassment	in	see	statement	that	weird
and	been	for	gotten	here	it	just	no	ve	worse	years
about	and	being	care	how	ignorant	of	others	safety	shame	the	to	well
against	and	are	calling	chants	detriment	don	gonna	lie	me	not	offensive	play	the	they	think	to	unnecessary
ago	ali_zimmer	how	long	m_pattison	ninjaworrier	shudder	that	think	to	was
and	because	being	bullying	conformity	different	discourage	enforce	from	is	people	social	to	way
at	dentist	energy	getting	is	kid	next	out	skyzone	some	the	ugh	up	visit	with
always	because	by	congratulations	decided	ever	found	is	morality	people	society	subjective	take	the	ve	worst	you
also	clowns	digital	fans	his	info	jumped	launched	like	out	war	wuming
combined	describing	evil	him	his	ill	images	incomprehensible	it	just	made	makes	me	monster	never	of	physically	seeing	that	through	with
awful	because	can	except	for	grows	in	it	make	mirror	only	part	people	see	shape	that	the	themselves	they	where	with
absolutely	an	but	colorado	dated	disgusting	do	from	guy	had	he	immune	it	made	of	springs	steamboat	steel	system	this	to	used	was	who
all	can	day	don	drake	drink	gets	if	in	me	morning	start	the
_jessicavidal_	and	down	drink	him	it	just	let	pour	sink	the	you
about	again	antidiarrheals	blogger	channels	could	data	diarrhea	didn	don	early	even	fever	first	from	hoarding	journals	lack	line	meds	misinformation	official	on	others	out	panic	people	post	prefer	public	read	reduce	rumors	science	second	short	sick	so	sold	spread	spreads	stop	thanks	this	to	up	videos	want	we	were
are	bull	deserves	doing	going	he	it	kill	knowing	matter	no	nononononoyes	that	the	their	they	this	to	what
and	from	grandma	horrible	me	mean	mom	my	person	protected	she	so	to	was	who	wished
bb18	did	game	hahaha	hating	is	michelle	nicole	nothing	on	who
bloody	disgusting	is	this
always	and	awkward	barely	boring	close	every	family	hate	insists	it	most	my	new	no	on	re	relatives	the	visiting	we	year
fear	is	my	this	worst
act	although	but	calling	context	deeper	definitely	girl	how	if	in	into	is	it	matters	misogyny	on	put	rooted	they	thought	woman	you
and	bad	clothes	damn	fancy	feel	her	kid	like	makes	me	parent	this
and	creepy	don	her	if	is	move	no	on	that	trust	weird	you
and	cleaning	discharge	disgusting	do	had	her	how	is	not	see	self	she	so	that	what
amp	and	appealing	between	courting	deception	depressing	difference	don	it	katheartwell	pressure	see	some	the	to	vs	women
awful	been	broken	disguise	engaged	from	has	his	jacket	leather	made	newly	smell	stevie	the	throat	to	trying	wii	with	wonder
avg	but	can	costly	fee	for	get	interesting	irritate	low	mickyrivera29	only	others	talent	too	top	transfer	when	you
baiting	by	for	gossip	idiots	is	panel	race	shitpost	tyt
against	and	anoint	billmaher	have	islamic	one	orange	radical	realdonaldtrump	right	similar	stances	terror	the	time	to	two	very	was	you
antidemoratic	democracy	eu	hate	institutions	like	love	that	the	why
about	catacombs	madman	melancholy	morgue	quickly	rue	the	wandered
are	eating	else	even	if	is	no	one	or	see	sickness	smell	spread	that	they	to	wants	while
all	am	by	disgusted	it	just	utterly
and	he	him	leave	like	should	slob	sounds	ugh	you
beyond	creepy	cringe	guy	it	that	was
be	can	head	in	is	own	place	quotes	sometimes	the	thinktoomuch	worst	worstenemy	you	your
chic_happens_	comparisons	dread	followers	guarantee	happens	lose	m√°xima	queen	royalmusing	sean_okeeffe1	that	the	to	when	will
be	can	last	than	week	worse
bars	but	darthvader	feel	inhaler	is	like	my	name	need	ni	no	on	puff	rap	rapper	sick	some	that	to	was	yo
attractive	does	eyes	great	it	person	pretty	really	shame	smile	themself	this	to	when
bonesarp	chuckle	disappointment	fakes	is	nhe	pout	starts	that	then	to
and	disgusting	it	ketchup	mayonnaise	mix	of	pickle	relish
are	cartridge	getting	is	old	signs	the	these	weed	wtf
are	but	cold	crazy	inside	is	just	lot	much	of	people	re	staying	this	thursday	till	to	used	we	weather	worse
animal	breaks	coworkers	eating	like	must	my	on	rabid	scare	srry	think	when
also	at	else	have	in	is	it	level	perception	projection	see	some	someone	that	within	worry	you
are	be	but	cali	cause	depressing	friends	in	insta	made	no	of	pics	place	rather	see	snaps	so	the	there	unbelievably	while
came	character	have	into	moment	noped	of	out	picture	racist	should	the	thing	whole	with	you
abuse	and	because	child	decent	don	force	is	just	kid	no	nutrition	parent	science	starve	their	they	this	to	understand	would
bed	call	do	for	ily_geuly	in	intend	laying	like	me	months	moping	my	next	now	the	to
gross	he	honestly	must	pretty	smell	sweats	terrible	that	when
alternate	and	between	full	insomnia	is	nights	notfair	one	seem	sleep	sleepless	to	tonight
dd	mm	to	type	way	weird	yyyy
_adam_price	afraid	am	and	at	back	bbc	bicycle	by	davies	editorially	of	paths	queue	re	ron	trumped	walespolitics	you
awful	how	idea	just	name	no	or	was
and	dirty	he	sneaky	that
at	be	better	decent	going	hope	is	it	mean	middle	name	so	than	the	this	to	worst
anyone	apparently	because	can	have	he	just	needed	rape	sex	someone	to	with
actually	and	but	egg	it	like	looking	looks	on	plate	quail	still	weird
and	be	cut	even	for	love	miss	no	open	possibly	reason	recovering	spending	to	weeks	while	work	would	years
be	could	india	it	well	worse
awful	bigoted	isn	it	of	that	you
afraid	answer	but	can	danger	do	get	his	immediate	is	jaysekulow	me	not	realdonaldtrump	reveal	taxes	that	the	we	what	will
apparently	but	do	does	exhausted	exist	feel	god	good	job	me	misonorotta	ni	not	right	see	to	tried	weary
birthdays	dread	friday	next	old	so	super
25	af	and	been	creepy	even	have	if	she	this	was	weird	would
hate	poetry
phew
afraid	breathing	bridge	can	drive	have	if	is	on	outdoorloverz	stop	such	this	to	will	yooo
fuck	fucking	in	more	of	or	sandals	sets	socks
brexit	but	fact	future	gloom	happening	ignore	in	it	line	managing	news	not	pushing	simply	sky	still	the	to
better2day	cupidpoetry	kctwinflame	panic	para_priestess	same	tfunion1111	the	thing	thru	twinfjournal	twinninglife111	went	yesterday
gbbo	horror	last	like	minute	show	that	was	watching
about	areas	care	clothes	dismay	esanderc	is	it	like	mother	mrsfridaynext	much	my	only	specific	to	very
1749485	about	after	but	cut	did	helped	in	it	just	learned	lmao	medical	name	not	school	soap	times	ton	while
all	delirium	during	facemask	flu	for	game	it	me	of	phantom	so	sorts	suffering	the	was
actually	aghh	bacon	can	dirtiness	disgusting	is	it	of	smell	soo	the	worst	you
and	every	fewer	for	from	good	gotten	have	hollywood	horror	just	offerings	old	or	shit	this	too	year
amount	and	fair	foul	language	no	nudity	of	there	violence
felt	for	honestly	isn	just	like	maybe	me	today	track
about	and	around	door	forgot	guess	it	like	neat	of	once	pic	same	saw	the	there	time	totally	until	was	went	yeah
can	deal	ever	have	hope	in	is	issue	life	one	only	sheesh	the	this	to	with	worst	you
and	be	but	done	dude	have	heart	insane	life	on	people	short	this	worse	would	your
about	hate	is	kkk	new	racism	re	sheet	talking	the	they
call	come	don	hellseashell	here	hey	ll	myself	of	over	piece	sacrifice	shit	to	wants	worry	you
mean	shithole	universe
animal	creature	cruelty	help	poor	right	some	someone	that	there	this
dad	he	her	insisting	is	not	still
as	cool	hell
arrive	end	guns	never	police	seem	situation	terrible	the	their	they	think	this	to	when	with
and	but	do	enjoy	enough	first	for	frustrating	glad	it	me	tedious	the	time	to	you
gross	name	ugh
crayons	eat	shit
buy	good	idea	relationship	to	try	yeah
better	different	it	just	not	or	worse
and	as	dare	disgusting	how	level	name	on	put	same	that	the	you
ahyuck	baseball	basketball	did	football	game	last	night	probably	see	that	ya	you
appropriate	doll	finish	for	her	more	on	seems	sex	way
af	but	didnt	does	for	hmm	it	me	now	posted	weird	when	work
afraid	bad	big	coward	election	hide	hillary	is	of	orangehitler	presidentialdebate	presidentialelection2016	skip	the	trump
away	bad	from	grade	like	one	she	shooting	sounds	synagogue	up	yikes
candidates	crazy	don	exist	generic	is	name	of	pessimistic	plenty	problem	room	so	spare	that	the	this	to	will	win	with
divisive	don	he	him	is	it	like	projection	so	they
amp	around	care	don	dying	evrn	global	hunger	idea	kashmir	kids	nation	nawazfightsforkashmir	of	revolves	terrorism	the	their	whole
looked	ugly
animals	aware	be	beautiful	can	cruel	emotion	having	heart	humans	hurt	is	it	makes	much	my	of	re	so	that	they	to	when
definitely	gotten	has	hatred	how	it	left	on	revealed	the	ugly
busy	his	name	nose	pass	pick	picking	shitty	that	to	tongue	too	up	with
bin	goes	in	it	loud	make	name	point	qmos	real	see	shit	so	the	they	to	toss	where
799	hate	is	moonwolf1	taken	when
another	criticizes	fascist	here	much	not	see	to
about	bad	being	dark	feel	love	made	of	scared	the	to
also	and	comics	done	even	fellow	gotten	hated	have	movies	name	nerds	sex	stories	to	were	what	who	with	women
be	better	but	deal	eu	fair	good	grief	in	is	it	no	staying	than	the	to	worse
again	and	at	comforting	familiar	feels	hockey	it	oddly	suck	that	we
all	among	aside	else	everyone	face	fail	fake	from	hoping	in	is	it	just	niceties	parents	praising	pretending	relatives	secretly	this	to	world	you	your
awful	can	closed	everybody	few	has	hearing	its	managers	my	need	office	offices	personal	so	spaces	talk	they	very	without
and	bitter	comic	do	fandom	from	getting	help	laureliver	lululemonlime83	need	right	so	the	they	what	wow	your
and	behaving	can	canada	do	good	is	least	little	of	pick	shamefully	slack	the	to	try	up	us
amd	are	back	clutterfuckedd	ducks	getting	got	just	realized	that	the
back	but	feeling	for	going	good	hurtful	leave	my	next	not	own	relatives	spew	superior	to	wanted	words	year
as	bs	hell	history	name	revisionist	selfish	stop	the	was	with
it	like	looks	mustache	smells	that
case	downvoted	for	got	gotchu	hell	in	lol	sorry	that	this	to	you
guy	is	name	pretty	weird	yeah
ew	grim	is	omg	samkingftw	so	that
disgusting	entry	hidden	in	influence	is	left	main	matchmaking	mmr	mode	paid	reason	requires	that	the	to	used
awful	do	enough	he	is	just	like	something	that	to
depressing	kerophibian
because	bit	for	game	itself	like	much	not	of	other	reasons	sao	setting	sucks	tbh	the	very
abhorrent	behavior	came	come	debate	didn	excuse	here	to	you
and	cruel	false	for	if	in	isn	not	only	preference	racist	reason	them	untested	your
and	asking	better	buddy	but	hand	her	is	it	knowing	let	no	not	out	phone	says	send	she	text	the	them	then	thing	to	ur	worst
are	but	it	kind	love	of	person	the	worst	you
also	arms	be	guess	idea	it	name	of	open	possibility	selling	terrible	that	the	would
accidentally	all	attention	caused	dinohyogi	explosion	hakyeon	happily	jaehwan	on	perching	shoulder	sulk	takes	the	tiny	to	when	wonshik
big	guts	horror	it	just	killed	like	me	movie	on	so	spider	sprayed	ugh
absolute	the	worst
about	cheap	fucked	just	lol	talk	that
america	are	because	bidets	can	disgusting	in	it	our	paper	plumbing	systems	take	toilet	use	we
all	genocide	in	indian	is	it	mark	mention	no	not	of	pak	planned	speech	still	terrorism	the	to	up	was	zaidzamanhamid
about	an	and	appendix	belly	button	celebrity	had	him	his	how	left	like	out	surgery	tweeted	ugly	with
burst	crying	day	for	got	it	out	randomly	then	think	together	ve	when	you
always	everyone	from	hear	is	isn	like	name	of	pretty	she	that	trash	version	worse
as	at	by	countries	denial	every	has	in	main	mea	other	pak	peace	referred	statement	still	terror	threat	to	un	virtually
dirt	disgusting	have	now	only	that	them	they	underneath	when
are	awful	concussions	damn	not	sucks	surprised	that
already	are	as	if	outlier	re	say	statistical	ugly	you
bath	in	like	looks	manure	took	you
all	and	condom	dog	from	fucking	girl	her	if	is	it	know	man	me	no	out	she	shoe	whips	with
and	bowers	drove	evening	for	horrible	it	jasonbhampton	this	went	while
be	clicks	fake	for	generate	going	have	is	news	nuts	padres	people	the	their	this	thought	to	using	were	who	would
and	back	came	charlkboard	found	got	how	idea	it	like	no	that	the	this	to	way	weird	work
awful	is	mcauley_ross	rojo
akot	but	is	ll	man	shot	take	that	the	ugly
40	are	don	downvotes	for	get	it	just	like	little	much	offended	people	seems
creepy	he
creepy	fucking	isn	that	well
anyway	are	choices	doesn	draft	horrible	it	matter	our	pick	we	where
corrected	even	it	stand	than	thought	worse	wow
and	are	around	bannner	both	feel	flask	for	get	just	mess	sides	them	viable
abusive	an	and	at	be	can	caustic	if	infj	is	quite	she	they	times	verbally
adam	ben	general	hear	hebrew	humans	in	man	of	refers	simply	since	son	that	to	weird
alot	and	around	cultivating	in	it	kindness	mean	of	out	people	seeing	start	successtrain	this	today	totally	turn	warrior	world	wow
around	have	in	manchester	painting	penis	pothole	seems	the	to	try	worked
shame
bones	but	felt	in	is	my	niche	shit	so	still	that	this
20	an	and	awful	dumped	ex	gave	he	her	herpies	herself	his	killed	old	person	she	year
always	because	depressing	gets	gloomy	hate	in	it	me	mood	outside	when
bees	butterflies	floated	like	now	sting	we	you
same	ugh
10	1977	been	better	car	could	film	filmmaker	hands	hell	horror	in	lot	middle	na	of	road	that	the	ve
afc	flex	have	is	less	often	than	the	ve	we	weird	won	you
and	can	defensively	getting	is	name	space	worse
access	afp	all	before	by	cancelled	cbs	coltonflurry	even	feeds	have	imo	jc	live	paul	said	should	strangefacesla	vic	won
29	dude	goalie	he	hyped	in	is	like	most	only	prospect	seemed	the	was	world	wtf	yesterday
awful	is	this
depressing	feels	hmm	like	missed	more	negative	really	somehow	something	think	today	twitter
and	away	but	didnt	him	internship	it	liked	mostly	no	one	report	shooed	short	was
and	beats	definition	drinks	get	grown	his	irresponsibly	is	man	of	out	people	someone	then	up	who
by	fra93_bruno	just	really	sadden	terrible	that	wow
be	bitter	don
civilians	directly	disgusting	have	it	targeted	they
are	do	enough	know	not	serious	to	what	worthy	you
bunch	but	calls	disagreed	have	individual	it	not	of	they	tied	together	with
also	be	but	could	dislike	downvoted	for	getting	him	literally	lot	misusing	of	people	possibly	re	really	so	that	the	why	word	you
be	being	better	description	fright	got	it	nasty	rather	she	terrifying	than	would
annoyed	at	most
as	care	doesn	enough	evidently	horrible	impact	is	it	large	make	population	say	the	to	voting
are	civilized	country	from	important	or	questions	shithole	these	they
at	crackers	dam	fire	guy	helped	least	of	poor	some	the	thing	throw	would
and	because	bumper	didn	forever	fucked	hate	her	insurance	it	my	repair	she	up	will
have	horribly	minion	of	seen	some	stuff	terrible	the	thought	ve	was	worst	wrong
fucking	in	it	was
bureaucrat	director	dull	formed	group	is	megaproject	never	nl	nlpoli	of	oppose	to	top
autodealerlive	awarded	bomb	just	lol	on	realmatkoenig	serious	the	thefrankjlopes	trophy	was
bigbosspeltonen	cutting	death	despair	nlikewise
about	and	be	benefits	bothered	can	care	exactly	feel	guy	him	how	is	it	jerk	just	little	prick	selfish	the	to	too	unless
are	blast	bra	get	gonna	guys	hard	my	nips	off	playing	take	these	to
16	30	again	around	been	come	have	it	not	only	pleasant	since	so	temps	then	these	while
bojack	depression	ever	horseman	saddest	season1	show	the	written
all	and	for	him	hypocrisy	it	name	people	projection	smearing	the	work
albums	beatles	country	decided	do	final	for	gaga	going	if	is	just	lady	like	me	opera	radio	singing	the	their	to	told	which
anyway	fuck	im	it	my	on	out	seattle	to	way
but	existing	hate	it	nothing	sadness	yea
awful	colleagues	do	don	elementary	few	how	in	it	know	level	our	same	subbed	times	was	when
age	and	be	disgusted	fake	find	for	learn	news	reading	she	the	this	to	upon	writes
autism	condition	far	has	he	is	mental	than	whatever	worse
damn	name	you
and	bokunogio	his	history	major	momma	sad	sopranos	than	tony	was	worse	wow
ain	at	cause	here	nobody	school	should	stayed	ve
against	drives	even	got	guards	injury	lot	name	of	on	out	sixer	struggling	swatted	taller	the	too	was	with
algeria	blind	faith	fellow	here	in	it	people	ridiculous
and	contain	dictionaries	disgusting	don	is	joke	nouns	offensive	proper	this
and	avoid	feet	foot	germs	girl	guy	help	her	is	my	nightmare	off	plz	roommate	says	sink	so	sorry	the	to	turns	with	your
but	don	go	money	the	to	wanna	want	work
drink	even	it	milk	more	of	other	so	species	the	to	weird	well
bb18	bitter	did	game	hahaha	hating	is	michelle	nicole	nothing	on	who
bigbosspeltonen	cutting	death	nlikewise
actual	an	nightmare	what
better	lot	tasted	that	ve	would
accuse	appalled	comrade	drugs	enhancing	me	name	neigh	of	performance	say	that	using	would	you
bad	because	good	is	only	palm	phone	post	pre	running	the	this	webos
and	around	carapace	feet	ground	hearing	hitting	it	just	make	me	sliding	that	the	thing	vomit	would
accept	btw	by	dry	eable	it	jack_haug_lifty	just	lied	lost	ms	remain	remainer	tears	to	we	were	you	your
about	coffee	drinking	gross	if	in	it	or	re	talking	tea	there	unless	you
are	even	fact	it	makes	more	questioning	that	the	worrysome	you
can	happen	ignorance	is	someone	that	the	thing	to	worst
actually	are	art	but	do	for	here	it	like	new	one	only	people	prices	sell	such	sucker	suckers	takes	their	there	these	this
as	been	ever	head	is	malevolent	spinnin	ve
makes	my	sick	this	tummy
all	and	bigger	but	eat	expensive	female	how	is	loves	rather	see	she	slim	stk	take	than	there	tiff	to	you
as	awkward	be	both	don	face	fine	her	if	it	kiss	long	shouldn	want	whole	will	you
cars	into	know	now	to	which	wreck	you
angelina	because	can	dead	if	is	jolie	keep	love	man	mourn	no	one	today	we
3x	all	and	eamaddennfl	easports	elway	fumbled	game	is	john	know	of	played	sacked	same	the	this	was	where
are	bad	because	but	her	is	life	muricans	op	ruined	said
biscuit	creepy	dog	get	you
about	assault	been	being	definitions	it	multiple	not	penetrated	person	rape	re	sexual	shown	that	understanding	ve	wrong	you
look	rabid	vladfucker69
don	name	our	own	shit	their	they	want	women
boy	grade	in	just	me	name	named	pencil	sixth	stabbed	stomach	the	with	yep
and	be	getting	naked	only	re	seemed	their	they	to	together	toxic	trait	yawn
and	dance	me	my	now	on	she	team	that	the	therapist	told	unhappy	with
are	awful	ferdinand	franz	too
depression	flakejay	here	is	ring
disgusting	re	you
assaulted	cant	claiming	even	fetishists	get	gross	re	sexually	them	we	without
all	also	better	features	for	hate	how	important	internet	is	missing	on	pc	phone	that	the	using	version	way	website
and	as	attitude	dream	duty	every	hate	if	it	personal	purpose	reproduce	that	to	woman
bigot	ignorant	imagine	isn	thinking
and	game	kat	weird	with
and	bringing	ibra	is	mourinho	ntfc	on	panic	rushford	worried
and	avoid	feet	foot	germs	girl	guy	help	her	is	my	off	plz	roommate	says	sink	so	sorry	the	to	turns	with	your
bad	that
bullshit	components	if	in	included	is	it	laws	let	not	reloading	stand	subsequent	such	that	they
absolutely	dreadful	feel	fighting	home	if	me	off	on	roll	something	time	today	ugh	what	with	wonder	wrong
all	are	disgusting	fucking	in	people	the	this	thread
baloch	by	challenge	day	funnier	getting	is	kapilsharmak9	kashmir	laughter	more	nawaz	sharif	than
bellaissocute	cray	empire	is	lady	old	scared	that
mad	stinky
30	alarm	don	ever	get	ll	think	this	to	used
7th	conspiracy	damn	days	got	grade	in	the	theorists	these	we	world
camilluddington	crawl	fact	hole	in	makes	me	nervous	that	the	to	want	youre
me	much	out	stresses	this	too	way
act	anything	believe	can	don	even	expect	for	from	go	hard	how	in	is	just	motions	moving	people	shouting	slogans	the	them	they	those	through	truly	what	you
bussing	got	has	konanplaydirty	me	nahhhhhh	snap	story	up
alone	flashbacks	girls	gives	horrible	me	screaming
absurd	attacked	attacks	bump	conservative	directed	fist	for	fox	from	media	name	news	of	the	top	very	were
are	fucked	labor	laws	up	us
about	and	be	can	catch	change	hang	is	it	ok	onto	reason	shit	take	this	we	whiney	why	you
and	clear	creepy	how	is	it	like	make	more	name	posts	these
aht	dan	eat	eban	ferk	pizza	troo	wif	worse
oh	schade	vivaonline
an	boiling	burns	day	food	gets	good	hot	hour	later	me	mind	myself	never	nme	on	sick	spills	such	today	water	wow
fucking	hair	his	horrible	looks
age	cool	dads	get	girl	her	it	legal	molested	she	someone	this	thought	to	was	wasn	who	with	young
are	bet	btw	hit	is	know	ll	next	pnw	so	there	time	to	up	wtf	you
crying	dealingwithfailure	failure	katherinemansfield	laughing	love	this	too	while	works
at	enough	even	for	info	is	least	lindafrum	lovers	low	more	of	point	sadly	say	selfie	the	them	this	voted	what	who	will	years
and	had	in	it	just	like	mood	now	place	public	really	right	swings	tiring	ugh	yeah
accounting	am	and	but	feel	have	horrible	mentally	not	okay	physically	today
eyes	the	weird
do	everything	explode	in	inevitably	must	not	script	this	understand	why
_iconceitedone_	bill	do	features	going	hate	hi	keeps	plan	re	roberts	that	unhappy	unique	up	want	we	what	with	you	your
abysmal	accept	evidence	is	less	level	more	of	or	that	the	wow	you
and	depressing	even	fancy	fundraisers	get	her	hillary	started	with	won
be	faze	in	lot	of	sexual	tension	there	would
full	of	pant	turd
and	don	even	hesitate	over	past	right	running	see	them	through	walk	way
by	compassion	destroy	he	in	is	name	saved	society	that	the	to	trying	very
are	bar	be	brunei	cars	disheartening	driver	from	grand	is	it	known	let	of	part	really	roof	same	side	stolen	the	this	vitara
accidentally	down	engine	had	her	into	just	my	of	outside	poor	problem	small	sunk	teeth	the	vein	were	who	with	woman
account	an	anonymous	awe	bad	behind	hate	lmao	me	must	person	shit	so	talk	this	to
feel	leftie	on	right	swiping	weird	would
10	blocking	braindead	but	cancer	checkline	for	got	horrible	in	is	lane	line	minutes	most	of	part	people	pure	sore	story	stuck	that	the	wow	you	your
bc	close	for	in	is	it	one	really	reason	some	state	the	to	vancouver	wa	weird
disgusting	that	truly	was
felt	from	game	guilt	horrible	playing	rainbow6game	rainbowsixsiege	this
disgusting	hatred	it	pure	unadulterated
all	any	futuristic	gibberman10	jersey	mlb	of	remember	scotthoward42	terrible	those	tried	were	when
apartment	be	bet	condo	disgusting	even	ever	he	inside	never	that	will	you
17	brexit	err	gloomy	mio	not	only	people	remain	skynews	wasnt	were
bitch	can	go	guys	here	just	of	son	stand	there	we
are	but	carlymarierozy	children	it	makeupsue	making	now	our	own	sad	same	terror	the	to	vulnerable	we
animals	beginning	hated	like	name	of	religion	since	the	them	they	treated
australia	awfully	but	edit	here	in	name	no	similar	situation	the	to
burn	car	cheaper	the	to
afraid	am	asleep	fml	key	low	might	miss	not	sleeplessnight	sleepy	something	think	ugh	why	yet
derogatory	term
01	arm	but	guys	hand	head	is	liking	name	next	not	of	possibly	really	second	that	the	trajectory	weird
bismol	compositional	garbage	has	hipster	is	looking	more	my	no	pepto	than	this	trash	vomit	worth
at	crap	ever	finding	google	have	is	like	name	obscure	terrible	this	tried	you
grossest	is	me	part	the	to	toenails
alarm	alive	and	anything	asked	burning	clock	door	fire	flatmate	if	knocked	morning	my	on	or	ringing	set	this	was
arcdental	chewing	fordays14	turlock	what
an	autistic	by	do	fear	immense	like	meltdowns	much	nothing	of	sounds	they	to	triggered	vomiting
good	horrible	look	name	we
alright	bunch	don	fucking	give	just	of	scum	shit	they	understand
accountant	and	coming	ex	free	from	lawyer	likes	money	more	see	she	there	trouble	your
against	as	been	church	definitively	evolution	has	insofar	it	ruled	the
as	circles	clergy	donatists	dreadful	evangelical	fmr	had	historic	if	in	laurakfillault	my	point	the	thomashcrown	what	wonder
all	depression	don	honestly	it	itnevergoes	just	know	most	of	so	stop	the	time	to	unhappy	want	why
as	dicky	get	going	guys	has	ladies	line	luck	me	my	perpetually	pick	sticky	to	up	use	wish
for	happy	he	here	imagine	instead	name	not	of	sad	so	team	this	ugh	with
and	ever	from	got	grounded	had	it	once	punishment	reading	the	was	worst
he	is	mean	president	terrible
at	awful	damn	even	god	level	manages	mufc	play	rojo	still	this	to
as	can	fast	government	infrastructure	our	progress	shame	the
dread	drive	every	this	wednesday
cat	coyote	eyes	him	his	jump	off	ouch	takes	that	the	when
and	anyway	asylum	bad	come	deport	don	guys	in	let	like	need	seekers	so	sounds	the	wall	we
amexuk	an	bonus	card	cashback	comes	credit	end	forward	look	mbna	of	really	sad	shame	that	the	to	used	year
diazepam	first	it	just	nah	often	since	so	that	they	try	used	weird	wouldn
ew	honestly	horrid	is	look	my	photo	school	so
about	any	being	borderline	cultural	depth	it	just	lacking	looks	not	vulgar
after	am	but	disgusting	dont	feet	get	my	smelly	still	tbh	think	while
but	effective	weird
banging	doesn	guy	he	realize	she	the	ukulele
go	to	ugh	way	what
already	blocked	he	his	never	number	supportive	was	yup
100	acceptable	agree	are	boy	but	disgusting	double	ever	girl	goes	is	it	nuts	perfectly	present	sexualised	somehow	standards	the	whole	world	young
and	better	ceiestialfoxx	don	ending	even	expected	it	just	movie	part	remember	scary	terrible	that	the	very	wasn
future	is	kid	killer	serial	this
be	challenge	formidable	hodgson	jdwmaguire	northampton	on	roy	shudders	they	town	will
being	combination	disgusting	example	is	of	outright	perfect	something	terrible	that	the	this	without
ass	shit	shut	soft	that	up
all	alone	and	ball	bitch	bone	dun	left	mah	me	my	rasty	she	squeeky	took
allow	children	danger	disgusting	do	harm	in	is	it	more	nothing	people	put	than	the	them	there	those	to	unless	who
garbage	post	what
as	have	hell	jackets	many	musty	people	re	so	that	the	they	we	wore
after	and	be	but	damn	happy	here	like	news	rejoicing	so	supposed	this	to
asleep	bed	but	class	easy	fall	hard	in	insomnia	it	rocktheretweet	teamfollowback	to	true	whileyouweresleeping
abhors	all	and	awaits	away	blow	do	fly	friend	is	matter	may	morrow	my	no	now	somber	that	the	to	where	winds	world	you
base	been	feel	from	hearing	is	like	list	off	this	ve	way	we	what
don	fear	know	make	more	or	pakistan	terrorist	terrorstatepak	their	what
first	guy	had	it	kay	last	literally	me	re	sail	say	ship	some	sub	successful	sunk	tell	this	will	with	working	would	you
always	been	boss	brand	change	coconut	first	hasn	isn	it	like	never	penalty	personal	probably	tastes	the	they	this	tied	to	tree	years	yet
16	boys	don	grafx	spell	to	turbo	way	weird
because	crying	flashbacks	funny	gives	it	me	mom	my	record	she	that	thought	to	ugh	used	was	when
are	disgusting	you
an	appeal	be	fallacious	is	just	logic	may	nature	of	out	pointing	that	the	to	true	was
and	apps	at	being	depressing	even	events	facebook	for	have	in	interesting	is	it	least	logging	missed	there	they	two	want	without
actively	because	discourage	even	has	impact	it	job	just	lot	negative	of	on	one	part	studies	time	universities
an	and	because	disgusting	doing	humanity	insult	is	re	to	what	you
be	done	favorite	has	in	is	kid	least	mouth	my	our	spit	than	thing	think	up	vomit	worse	would
all	allowed	and	as	be	complete	complicit	disgrace	everyone	happen	in	is	punished	questioned	should	they	this	to	who	why
and	bag	but	can	depressive	episodes	exercise	help	it	last	make	manic	mixed	night	reading	the	up	was	with	worse
are	even	jokes	lately	more	terrible
able	bad	be	ex	feel	for	guys	help	in	like	mos	these	to	trouble
alright	but	conclusion	did	dude	fuck	funniest	in	internet	it	just	make	me	not	off	ok	on	smile	so	the	thing	you
definitely	it	suck	would
and	determining	for	funny	go	hilarity	how	in	it	large	offensive	over	part	plays	presentations	propensity	ratio	such	thoughts	well	will
bar	developed	ever	him	makes	name	none	of	owner	pedo	ring	sports	team	tenure	that	the	under	worst
from	shitpost	the	uncultured
all	and	brat	croissant	crumbs	eat	got	happened	just	left	like	mom	nosed	nothing	on	over	rude	saw	snobby	snot	subway	the
bet	for	in	jar	left	like	mayo	of	open	she	smells	summer	the	week
but	it	just	speculation	yikes
and	bigot	daily	hate	is	name	site	wire
certainly	it	kind	of	reeks	same	scam	the
better	disgusting	finds	hope	much	re	somebody	than	wife	you	your
am	brendonati	convinced	done	have	might	more	not	panicatthedisco	post	should	that	the	videos
an	and	conspiracy	defend	dictator	evil	grow	murdering	pedal	so	theories	up	whataboutism	you
all	and	biker	girl	hot	is	really	suit	that	this	tight
from	on	sporadic	the	tube	tweeting	wifi
after	but	disliked	first	her	liked	name
cause	eat	garbage	he	likes	to
already	antwaarps	back	generation	integrated	not	scarf	second	speaking	then	unlikely	wearing
age	do	gross	honestly	kids	really	seen	stuff	that	ve
am	and	by	courseness	culture	each	every	lindsey	log	of	on	our	pics	saddened	that	the	time	to	view	vonn	website
also	an	and	at	chaser	convinced	dumb	escalation	from	he	incredibly	is	shooting	shouting	someone	spree	that
are	fail	fearing	fury	in	ll	lost	that	the	you
and	breaks	for	goal	heart	my	name	nothing	on	shots	six	still	this
creature	hideous	poor	you
fact	fucking	half	has	is	level	music	no	pain	real	the
felt	for	honestly	isn	just	like	maybe	me	sad	today	track
down	dumbing	for	it	lot	makes	of	oh	sense	shit	thanks	that
amp	bc	being	dean	don	it	lot	me	much	my	nomore	of	on	out	ppl	really	saving	snap	so	take
about	but	full	grungy	hard	her	it	over	redhead	take	talking	the	this	to	tummy	was	watch
bad	certainly	explain	pretty	that	things	though	would
about	either	hard	ignorant	in	initially	it	mistake	moneyjay901	my	nothing	pic	race	sad	said	tell	then	there	to	took	was	way	your
depressing	get	her	hold	of	to	way
and	any	doesnt	his	horrible	just	of	problem	removes	solve	strongest	tool
afternoon	been	before	conclusion	depressed	grim	haven	here	if	is	lots	of	tv	wasn	watching	whataloadoftat	while
and	bad	been	being	def	distracted	dsj	has	how	media	name	on	roy	situation	the
any	don	incest	lesson	moralising	of	on	practice	tells	that	the	think	us
calling	genocide	hypocritical	is	kettle	pot	the
anyway	her	natural	rape	selection	so	will
and	awful	carr	cry	jimmy	makes	me	shiver	to	want
actually	advise	and	awful	because	don	even	everyone	is	it	just	kevincanwaitcbs	or	that	to	wait	watch	would
about	be	by	distracted	eating	friends	just	laughter	like	mhchat	my	other	sadness	shopping	sometimes	talk	times	to	want
byekandace	can	cheer	for	jigaboo
all	bathe	decided	do	egg	had	he	his	instead	it	make	name	that	things	to	weird	with
or	sparkling	still	terribledebatequestions
and	bubble	burst	by	finding	gay	is	kindadontmind	kylexy	married	nochance	out	re	thatmoment	watching	worstcelebritycooks	you	your
early	exactly	in	it	my	the	this	worst
bored	boredaf	country	countrygirl	kik	kikme	kikmessage	leave	rn	snap	snapchat	snapchatme
away	centrism	from	fuck	getting	honestly	me	she	started	the	what	wishhhh
am	an	and	angry	atheist	be	disgusted	god	idea	makes	me	not	of	prefer	religious	so	the	to
an	and	man	odd	princess	story	the	thought	toad	was
crap	load	of	what
been	commentators	cringe	ever	forced	have	jokes	listen	of	one	so	the	these	to	were	worst	worthy
adrenaline	bc	be	breaths	cairissian	could	deep	depending	from	if	not	oh	or	re	regular	shaking	take	that	the	varies	weird	wow	you
all	and	anything	done	has	have	literally	much	name	of	said	than	them	worse
by	far	is	one	the	this	worst
at	baby	can	cute	disgusting	even	face	her	his	husband	in	is	look	shot	the	when
child	just	murderer	originally
argument	do	down	dumb	hate	more	need	really	speak	text	than	to	want	you	your
2am	ago	and	at	awhile	bad	choices	cold	dark	ever	friend	in	it	made	movie	night	nightmare	of	one	request	the	ve	was	watched
gorgeous	hate	she	so	too	you
actually	allergy	ants	bro	fire	fuck	lot	me	one	see	this	too	up	will	you
45	ago	and	back	from	got	grand	in	just	min	no	on	one	out	problem	the	weird
birth	disgusting	given	have	it	just	love	on	prey	so	that	they	to	women
detroyed	dude	kaaba	nothing	that	the	three	times	was
amazing	brock	give	is	it	money	nfl	of	qb	really	some	texans	the	these	they	to
get	jealous	name	of	sometimes
air	an	and	away	bad	comfortable	debtor	everyone	ftfy	government	homes	in	is	open	prison	slaving	stand	the	their	to	up	weak
been	better	colors	have	in	like	might	new	of	old	ones	owl	significantly	some	the	worst
drink	made	me	my	spill	this
always	and	arrow	at	confusing	didn	each	is	it	least	like	more	name	randomly	shining	still	there	think	this	watched	week	year
accounting	and	environment	hate	love	people	the	work
2005	dynasty	missed	the	tigers	wtf	you
65	american	because	in	intervation	lost	of	porkistan	punjabified	stopped	talk	terribly	to	we
and	aquaria	cracker	delusional	humor	is	miz	of	parts	pettiness	problematic	shadiness	slightly	sometimes	the	trixie	unprofessional	worst
because	boring	both	but	find	name	probably	secondly	so
alone	anyone	ashamed	be	else	expecting	fruitcart	know	knowing	let	of	oughta	that	to	you
and	are	basically	beer	but	fucking	garbage	in	jerseys	just	public	religion	sports	with
and	but	discrimination	feel	happen	he	him	hire	if	into	makes	management	ok	position	suit	to	uncomfortable	waiting	what	women	you
awkward	being	everyone	feel	just	that	timid	to
2013	and	freedom	gotten	in	it	lot	new	not	since	worse
and	call	complain	do	fear	ill	lawyers	legislator	mannered	more	politicians	public	servants	tend	than	they	to	your
and	bored	fat	full	galore	overweight	ridiculously	rolls	so
be	chipper	fuck	hamburger	kind	making	needs	of	person	plain	sack	sent	shit	that	the	through	to	up	who	wood	you
am	couple	glad	jerks	made	move	that	them	were	you
bad	isn	it	its	joke	no	sitcom
frisky	is	name	season	so	this
ads	brand	buy	coconut	doing	good	is	it	keep	never	palm	these	this	understood	weird	why	without
depression	sucks
all	as	because	do	doesn	fox	grounded	guy	hunting	in	it	jealousy	left	like	of	policies	the	this	toffs	with
absurd	an	at	bar	can	date	feel	for	friends	least	like	nightmare	of	on	or	searching	series	someone	through	tinder	to
both	but	can	cases	do	has	in	japan	many	nothing	on	stay	this	to	topic	with	you
best	comparison	crowder	lot	maybe	more	my	not	potential	than
about	are	his	joke	mushroom	penis	photos	the	think
all	an	and	anxiety	at	bad	energy	feel	here	high	in	is	my	office	on	pick	prisoned	realized	time	up	ve	when
bad	disgusting	feel	for	she	snob	the	workers
algebra	because	complete	degree	ideologically	it	just	let	like	maths	me	name	opposed	shit	then	thing	this	to	well	wouldn
are	ccm	days	feel	gloomy	listen	mc	mode	nbogum	nchurch	often	oppa	song	spiritual	these	to	what	you
exploitation	hate	much	of	other	part	porn	so	than	that	the	why	women
80s	and	chairman	curvy	demands	he	his	in	just	masculine	men	taste	that	the	women
and	anime	bad	blatant	fulfillment	garbage	genre	if	insert	is	isekai	just	life	oh	only	pandering	self	the	too	was	well	wish
can	define	existence	ha	into	something	you
10	about	by	days	diapers	dirty	is	judging	month	my	of	old	that	worth
and	bad	clash	colorful	doesn	find	here	hope	it	just	stuff	too	weird
bullet	case	dodged	he	here	is	psychopathic	scenario	worst
all	am	damper	day	from	going	my	now	on	out	pajamas	people	quite	so	stealing	the	things	to	wear	work
always	grieve	idgi	insensitive	she	so	whenever
and	bernards	buzzfeed	cujo	don	fear	forget	of	simonschuster	st	stephenking
didn	dumpster	fast	going	he	his	horrible	leg	looks	lose	lucky	on	ouch	tagged	that	the
but	mess	the
deal	easily	leafs	now	on	right	the	worst
and	are	before	bring	despair	die	doubt	down	dust	enemies	fear	ground	slowly	the	to	turn	us	we	which	worry
at	bad	grandma	is	math
all	are	both	extremes	hear	it	just	kind	loud	of	on	scary	sides	totally	when	yah	you
but	couldn	down	eric	he	help	him	hurt	in	it	just	laugh	lot	made	pain	rowillfindyou	sit	somewhere	that	though	to	wanted	wince
his	out	sticking	tongue	ugh
is	this	wack
but	count	dream	have	heard	high	just	maybe	midichlorian	of	that	the	ve	weirdest	you
am	awful	because	for	is	so	song	sorry	that	truly	you
and	are	calm	down	ever	relax	say	the	things	to	woman	worst
accent	and	apparently	have	he	scottish	supposed	to
after	and	awful	dance	dancing	my	on	own	rip	song	that
bad	layers	of	three
and	bunch	consider	good	it	like	magatards	more	of	racists	sexists	that	unless	vaguely	veiled	what	you
burn	can	disgusting	hell	how	in	people	those	vile
ads	even	more	trashier
ass	irony	lazy	my	oh	the
about	cant	talk	the
after	already	and	awkward	good	have	idk	it	know	oh	one	say	then	they	to	what
behind	channel	from	has	house	my	point	runoff	she	sink	tastes	than	the	water	way	worse
200	and	but	can	claim	day	demand	during	free	go	guangzhou	home	in	landlords	quarantine	refuse	rent	some	stay	supplies	they	to	waive	want	yuan
and	disputed	in	india	invade	invitadated	is	land	our	own	pakistan	pok	sardesairajdeep	terrorstatepak	times	to	we	which	why	worry
be	fo	history	in	magic	might	orlando	the	this	worst
all	garbage	is	isn	issue	it	just	like	that	the	there	to	use	weird	word	you
arrogantly	customers	different	fits	from	here	oblivious	story	the	viewpoint
been	could	describes	do	have	just	more	much	tag	the	vicious	views	worst	your
could	gone	have	possible	route	the	they	very	worst
an	are	awful	go	guys	had	holy	roleplay	scumbags	shit	so	sorry	such	those	through	to	you
ha	highlight	just	nasty	saw	that
and	glory	gruesome	kills	though	were
and	are	conservatives	doing	gross	immoral	is	sex	them	they	things	to	unless
beguile	castorated	children	disgusting	filthy	gonna	got	it	name	not	of	our	pedophilic	re	scum	to	trying	who	work	you
at	bit	disgust	for	it	little	more	myself	of	point	scared	simmering	this
and	barroso	between	eu_commission	getting	going	goldman	inflicted	irishtimesbiz	is	itdominiccoyle	problem	self	serious	the	this	to	very
against	aren	as	attacks	citing	countries	don	for	infidels	muslim	not	reason	refugees	taking	terror	terrorism	understand
bed	creepy	find	her	in	is	it	leave	make	more	morning	on	only	stand	table	the	to	way
ampalaya	anniversary	are	bitter	can	happy	how	not	paitpaitanangpeg	tell	when
forever	form	heartbeat	is	longing	loss	memories	my	of	on	past	sadness	shape	stumbling	things
actually	and	anyone	can	daily	do	feel	getting	its	takes	tell	that	the	train	worse	you
been	discovering	fixed	grammar	had	have	history	horrible	in	instead	is	of	past	point	should	simple	single	something	this	was	which
always	dirtiest	is	name	psychopath	the
disgusting	so	that	vwp	was
arround	big	doorjambs	drop	from	gleeful	he	like	likes	on	or	people	ride	shoulders	sometimes	spider	them	to	unexpectedly	vents
absolute	an	it	month	of	on	release	remember	shitstorm	sub	the	this	was	you
and	creepily	has	last	one	reproduced	the	until	wed	yeah
50	able	been	for	get	gone	grapefruit	has	marksandspencer	not	squash	to	unhappy	weeks	where	your
always	bad	been	guy	my	they	ve
all	capitulate	condescension	shame	spell	that	to	wrong
and	bad	on	outside	smelled	the	they	thought
affliction	all	and	ctv_powerplay	disease	each	from	grandmother	hard	her	horrid	it	lraitt	maternal	my	of	on	sisters	suffered	this
btc	coin	is	shite
am	does	he	suck
have	induce	may	mine	multitasking	of	restless	seeds	sleep	these	to
be	but	ll	pity
and	love	mom	oh	our	responds	sad	sav	she	tells	you
all	displeasure	it	of	or	our	pieced	shakespeare	with
also	do	have	in	issues	no	vpn	weird	winnipeg	you
it	nice	so	ugly
are	done	fucking	helping	motherfucker	name	not	racist	re	society	yet	you
garbage	like	looks	that	total
aren	by	citizens	don	elected	first	interests	naturally	officials	people	put	so	the	they	votes
about	classic	disease	foreign	is	people	scary	spreading	talking	trope	vile	xenophobic
are	at	be	but	citizenship	families	getting	immigrant	it	or	same	the	there	time	toward	weird	without	working	would	yes
awful	everything	for	glitter	is
do	fucking	game	have	how	ice	is	powers	pretend	think	this	to	wikihow	you
actual	an	and	anyone	friend	is	name	narcissist	not	raging	terrible	to	writer
bro	bsmarz22	haha	man	married	mizzymaxx	sadly	she	ssmik2309
80s	95	99	against	fighting	haideralabadi	hassanrouhani	in	iran	iranian	iraq	iraqi	is	of	political	terror	was	with	ykrahs666
decks	dirty	doozy	got	retired	secret	the	they	until
all	and	behind	break	csnhayes	few	hard	has	he	him	offense	only	since	star	the	understandable	when	wins	zero
and	are	drink	hey	maybe	next	people	that	their	there	too	try	urine	who
absurd	also	amymek	could	country	crying	didn	feel	for	future	if	is	laugh	like	now	of	our	right	so	the	this	wakeupcall
after	dead	drag	for	it	moment	mongoose	one	other	the	thought	was	watching
be	children	expected	headline	mother	per	population	shrink	the	to	weird	would
are	casuals	faved	gag	has	making	me	of	some	that	the	tweets	vic
comment	in	killed	me	pieces	rip	this
and	at	burps	carbonated	even	gives	half	her	it	only	point	still	talking	this	those	though	weird	wet
and	babies	easy	eats	goes	hear	just	of	on	punches	puppies	rest	she	sundays	the	week
and	approach	are	could	country	divided	fight	how	in	martyrsnotbeggars	our	own	pakistani	so	terrorism	we
an	awful	re	troll	you
5livesport	he	heard	is	looks	miss	pmo100	something	talk	weary
23	and	are	leave	married	not	ugh	you
and	breeders	confusing	have	ive	minds	oh	seen	such	that	ugh	weird
back	behind	every	girl	haunt	left	life	loves	me	nit	of	part	that	thought	to
and	bible	fuck	hears	is	like	name	shit	this	verses
actual	an	cheating	disgusting	for	is	it	subreddit	there
article	is	much	nonsense	pretty	so	the
and	but	can	difference	games	hate	having	him	in	it	like	make	name	say	this	to	veteran
and	didn	ice	isn	it	like	mean	name	nasty	on	really	spirited	thought	was
and	area	at	cars	drivers	fateful	imagine	in	incompetent	innocent	intersection	into	it	just	keep	like	live	one	plowing	same	that	the	to	who
amityaffliction	an	dailyfeels	drive	from	home	kind	nightmare	of	today	work
despair	ha	look	lyricconcert	of	susanbrodigan	the	yes
and	are	be	cats	deserve	don	pets	repulsive	they	to
again	am	badkarma	contact	cs	having	hope	in	is	issues	lacking	out	over	reaching	severely	technical	the	to	unhappy	your	yourkarma
brother	can	my	phone	shower	smell	take	through	you
despises	oh	she	them
almost	as	beak	followers	her	ilovetailgating	iq	is	jaredwyand	low	of	on	shocking	that	the	woman
and	are	bot	crimsonwulfe	especially	feel	it	makes	not	person	real	sad	super	talking	to	when	you
amp	be	charlotte	cnn	donlemon	must	northcarolina	ovet	protests	rejoicing
abo	dirty	you
dirty	is	kimono	of	one	them	wearing	weirdo	well
awkward	by	day	me	myself	nconclusion	nme	on	ornot	picture	pictureday2016	smile	smiling	stop	taking
150	against	anything	apartheid	bad	blame	decided	dont	everything	for	have	her	him	is	kinda	mind	next	speaks	that	the	they	to	which	whole	years
gross	his	it	stuff	watch	youtube
brother	came	dad	incel	is	out	ugly	upset	you	your
after	another	even	farting	makes	me	shower	want
humidity	in	is	sydney	the	worse
89th	brooklyn	driven	is	just	north	of	one	se	st	the	ve	worst
ever	radio	worst
awkward	but	is	sad	stupidly	thing	to	wanted
dark	god	jeezus	macmacm43
back	blue	color	confirmed	it	keep	like	re	royal	scheme	seems	switching	teasing	that	their	they	unofficially	us	with
and	bullshit	doesn	even	like	matter	name	recycle	shit	signature	smells	this	win
but	disgusting	fascinating
because	bird	box	direct	dirty	feel	had	it	movie	only	put	saw	streaming	the	to
attention	but	fly	in	is	it	lot	of	put	someone	soup	thing	tiny	very
21	his	million	name	ridiculous	tenure	throughout	to	went
be	but	ddr	guy	hate	it	korean	not	off	pump	rip	that	the	to	up
come	cunt	defending	deformed	disingenuous	droves	in	masculinity	neckbeards	out	re	their	undeveloped	you
don	name	want	you
backtoreality	believe	can	days	got	left	off	only	ve
45	65	almost	also	as	billion	complete	crisis	dryupquick	for	high	hilarious	is	itll	joke	opiod	pennies	pools	risk	the
book	cazual_wear	gun	itsagunalright	like	looks	me	scottinsc	shaped	to
depression	do	have	messyourself	why	you
400	acting	been	before	blood	bp	bucks	charged	check	doctor	for	has	high	la	little	medication	my	pressure	renewing	she	weird	wife
awfully	bars	gloomy	if	is	mind	on	prison	put	ribbons	some	the	this	would	you
ain	artemis	be	but	forever	might	my	name	she	suckers	waifu
are	comments	disgusting	her	me	mother	my	of	reminds	so	sorry
design	facebook	god	has	heyday	in	its	me	myspace	of	remind	started	to
attacks	electing	for	future	go	good	jihadist	job	london	luck	mayor	muslim	nice	paramjitgarewal	sadiqkhan	terror	to	way	with	your
christy_rtr	despondent	doge_e_fresh
better	bitter	friends	get	is	it	life	moving	seems	some	than	theirs	when	your
gloomy	higher	it	of	serves	than	the	village	wolves
any	don	filthiest	hope	in	menus	re	restaurant	the	they	thing	touch	you
and	calm	colt	condescending	creepy	hate	in	is	it	like	psychopath	so	talks	that	the	voice	way	weird
both	can	excuses	lifecoach	make	or	regret	time	you
always	an	and	dirty	home	in	it	like	messy	never	once	outsiders	there	treat	urban	village	worked
being	creepy	goes	in	is	like	nothing	out	power	shower	the	there	when
after	and	barb	cause	dropped	gotham	her	made	main	off	pine	relationship	stopped	tabitha	the	they	watching
bathroom	better	clean	just	need	the	they	to
almost	butter	it	nasty	peanut	straight	the	to	trash	tried	ve	vomited	went
be	because	believes	can	clearly	horrifying	it	kidnapped	or	our	prostitutes	raped	so	society	still	that	this
cruel	down	dude	is	my	take	this
blame	broken	how	is	madden	tdsnation	this	year
oh	yuck
at	have	home	should	stayed
anything	besides	ever	fans	fucked	have	implying	packers	siblings	their
and	falls	finds	name	of	person	the	there	this	version	weird	where
an	as	feeling	gut	have	just	ll	nothing	official	see	should	though	today	update	we
act	bless	disgusting	end	every	ex	from	has	her	honestly	hope	horrendous	horrific	life	lived	name	perpetuating	since	sounds	that	this	woman
after	are	be	gonna	good	horrid	mine	next	rn	tbergg1	week
from	georgia	hag	it	more	name	no	old	suck	ugly	you
albums	center	else	fans	he	in	left	never	nothing	one	only	poorly	sell	stage	stubborn	the	vain	who	worked
get	getting	keeps	name	rebound	set	to
and	can	confirm	dated	fan	from	is	much	pens	swb	thing	this	very	weird
and	celebs	culture	entirely	feed	hookup	horrendous	is	its	just	news	on	page	porn	shit	snapchat	stories	the
are	conservatives	creepy	extremely	fudds	gets	gigantic	girlfriend	lot	my	of	or	out	point	that	this	triggered	uncle	when
actual	and	awful	bits	cooked	hilarity	ingest	no	ok	raw	safe	taste	tasted	that	the	to	were
agree	and	brutal	content	in	it	its	responses	the	thread	unfortunate	would
account	an	apple	at	because	cellular	come	consumer	customers	have	in	iphone	mad	me	mine	on	set	that	the	their	they	to	up	use	using
disgusting	gets	had	horny	incognito	is	it	new	opens	secretly	sub	tab	this	ve	with
about	anyway	better	care	don	exposed	feel	has	it	made	me	media	on	say	so	social	to	ve	what
has	many	name	people	shook	so
being	creepy	goes	in	is	like	nothing	out	panic	power	shower	the	there	when
at	depressing	for	get	gym	half	hate	have	in	it	knowing	morning	so	the	to	up
and	cringe	did	hard	if	my	name	oh	parents	real	that	was	would
my	phone	picked	shocking	so	up
buddha	donors	earns	grants	hope	joke	maybe	merit	that	them	think	this	what	you
filthy	please	stay	there
400	also	any	choose	common	derogatory	for	generally	had	it	meaning	nearly	or	other	people	sense	taste	will	with	word	years
by	campus	college	feel	old	on	surrounded	undergrads
and	at	completely	down	end	epic	favorite	hardhomme	least	no	one	ridiculous	stare	that	the	unbeleivable
dude	fukc	lost	morning	my	same	spectacles	strong_bread	this	we
2005	bad	gives	me	memories	name
all	and	be	cereal	get	gross	in	milk	mushy	name	oh	soaking	stuck	the	they	until	will
but	do	for	have	it	now	say	sorry	sucks	that	to	will	you
agenda	an	anytime	awful	can	down	force	government	he	his	just	legislatively	pass	precedent	president	set	shut	something	that	the	through	to	would
cant	flavored	hate	how	mint	much	stand	that	toothpaste
be	condescending	cringey	got	has	in	most	on	reddit	seen	the	thing	to	tyl	ve	while
game	in	is	lot	mean	of	so	stupid	tbh	this	ways	well
but	circumcision	foreskin	going	have	here	involving	love	me	of	on	some	sort	there	thing	to	trust	weird
all	and	can	factory	febreeze	from	got	in	like	lysol	panic	position	re	slowly	smells	spray	stuck	suffocating	that	the	trash	we
dreadful	netflix_me	penny	season
and	beating	comparison	detailed	disgusting	explicit	fantasies	girl	his	is	little	makes	me	of	part	ridiculous	sexual	that	the	thing	think	this	whole
and	another	child	everyday	father	from	his	keithlamontscott	media	scroll	social	taken	through	up	wake	was	when	you
annoying	are	idealogues
change	foh	lewis	lost	name	raylewis	remus	theydontlikeyoueither	uncle	unwoke
all	and	came	here	leave	ll	name	see	to	we	what	with	you
as	comment	credit	give	is	me	meme	much	that	the	too	trash	you
bet	blessing	for	from	having	he	hearing	him	is	it	loved	me	media	messaged	mum	not	she	social	such	though	weird	your
doomed	everything	far	from	game	hate	have	is	it	saying	seen	that	then	there	this	thus	you
all	bringing	fucking	giants	hell	on	re	the	they
complicity	have	interference	keithrothfus	no	obviously	problem	russian	russianhacking	sad	silence	treason	with	you	your
and	before	depressing	it	just	life	me	most	movies	my	of	one	seriously	the	was	watched	wow	you
all	amarnathterrorattack	amitshahoffice	arunjaitley	care	fr	in	lv	narendramodi	officeofrg	opstn	politicl	ppl	prties	the	whn
about	amp	behold	creeps	datelinenbc	gives	in	is	me	person	shudder	sight	smell	sound	still	the	think	this	to
but	don	fearsome	feel	giant	jump	know	more	movie	scare	sharks	squid	than	that	was	why	worse
be	because	clown	guardian	guardianaus	is	might	next	nightmare	president	probability	realistic	that	their	there	uspol
be	for	model	not	should	snap	welfarereform
corn	creamed	find	for	foreseeable	future	going	her	in	now	panties	planning	poor	she	tehe	the	to
comment	imagine	ok	on	post	shame	thinking	this	to	was	you
2am	at	been	even	have	in	it	makes	never	on	out	road	should	that	the	they	towing	vic	was	washed	which	worse
anything	aunts	behavior	disgusting	dont	for	give	her	im	is	loss	sorry	your
believe	is	me	much	tlj	worse	you
ad	and	are	big	chested	childhood	cover	double	drunk	implying	in	it	meaning	model	pose	problematic	since	slogan	suggestive	the	they	ve	were	what	with
addictive	and	burn	decent	don	help	if	is	it	need	to	tobacco	weed	you	your
and	boy	factor	his	is	leader	limiting	no	paid	raped	silence	the	young
21st	are	banality	century	cruelest	dullards	evil	for	gormless	in	it	of	pack	people	room	the
after	bit	by	its	of	offer	recommend	song	strokes	the	their	them	they	to	told	weird	you
about	ahsaftershow	and	horror	hunks	mamasitas	miss	need	of	seriously	talk	the	therealedhansen	to	trixiemattel	with
been	cause	ever	im	ive	just	lol	naynay_whores	pretty	sad	saturday	since	super	sure
and	as	cheer	drink	flanneljedi	is	myself	re	the	this	to	up	watch	way	why	worst	you
any	at	availablecar	burst	can	disgraceful	driving	hands	is	left	mistakes	moment	of	on	round	that	the	their	tyre	wash	way
advice	ashamed	be	ever	for	is	it	posting	read	should	the	this	ve	worst	you
hideous	she	sounds
believe	can	comment	cut	final	it	made	so	terrible	the	was
as	blood	but	got	in	like	poor	redhead	that	the	true	vampired	virgin	worse
advice	blindly	can	debate	don	give	is	it	like	obey	one	probably	question	saying	the	us	worst
afraid	are	because	blackmen	large	of	sherrieshepherd	whitepeople
escaping	growl	him	low	oh	unknownandyoung
23	an	and	coworker	daughter	ever	his	loss	mourn	of	old	one	saddest	seeing	seen	the	their	things	ve	was	wife	year
bad	bating	close	for	gotta	is	just	know	name	out	that	those
an	awful	being	has	he	history	human	like	looks	of
and	beach	considering	especially	fresno	long	name	state	to	weird	went
bridge	eats	find	goat	goats	ll	no	out	that	the	they	troll	under
are	bits	creepy	fleshy	general	genitals	in	just	kinda
acknowledges	bible	for	gods	it	kind	mean	miss	of	other	part	re	reasons	selfish	that	the	they	we	weird
ever	laziest	seen	team	ve
disgusting	floors	paneling	that	those	ugh	with
ahh	and	any	back	bush	can	chooks	come	culturally	gags	get	inappropriate	lit	ll	make	mate	on	reich	then	third	time	we
beat	character	face	going	guy	in	is	name	on	say	show	the	was	who	worst
500thtest	an	b_mccullum42	bcci	be	been	colors	have	hitter	if	in	match	national	nightmare	odi	or	t20	the	their	virendersehwag	would
being	depress	here	literally	makes	me	tbh
active	ahead	all	any	are	don	early	education	for	go	hard	is	kids	life	makes	money	participation	rich	still	then	think	those	training	what	without	worthless	you	your
board	but	couldn	even	get	him	loathe	lynching	name	not	obnoxious	on	that	too	twat	with
bizarre	could	establishment	every	food	get	it	just	like	menus	of	or	other	pictures	rational	so	we	with
are	dubious	experimental	it	many	practices	psychology	shame	so	statistical	still	studies	such	that	using
awful	for	loss	so	sorry	thats	your
ain	and	boy	creeps	gives	in	it	me	right	scotland	that	the	yessir
disgusting	is	this
but	despair	driver	for	like	mean	other	patblanchfield	so	someone	than	the	uber	you
bockaguyjim	by	generalgoodsman	losers	mchorsefayse	nevernotdavid	on	owned	sad	so	twitter	were	you
completely	disgusting
as	floor	happened	he	if	incorrect	is	it	ruling	says	the	was	which	why
50yrs	another	be	best	bournemouth	can	confident	experience	for	hope	is	last	never	of	our	sad	successes	they	to	will	wysdaily
and	beating	children	emotionally	his	like	looks	not	of	out	physically	shit	the	then	was	wasted	wife
5v3	an	that	ugly	was
and	bend	break	heart	make	my	shake	you
carpet	karenl109	replace	shocking	the
absolute	and	for	good	is	reason	sd	shit	that	the	there
do	grieve	how	legally	person	someone	wasn	who	yet
20	are	did	guarenteed	non	on	packs	really	the	think	those	worst	yeah
15_jordyn	clown	creepy	enoughisenough	in	mrscassonc	neighborhood	there	was	your
are	brain	dead	idiot	really	that	you
atlanta	car	crash	dads	died	favorite	fiery	in	just	my	of	one	rappers	sad	so	throwback	today	top	wow
again	announced	be	by	cisco	don	faint	if	ios	new	patched	re	shocking	they	this	users	vulnerabilities	week	were	what	would	yet
are	but	earned	his	in	it	killed	love	my	name	packers	people	ridiculous	sometimes	spot	sub	thank	this	you
and	any	as	ashamed	be	blasphemy	for	human	is	level	name	on	putting	sacrilegious	same	should	spreading	such	the	you
better	half	it	liked	naked	name	was	when
nope	re	weirdo	you
about	as	hate	here	how	huns	in	most	much	of	pretty	rangers	spend	talking	that	the	threads	time	weird	well	you	your
ever	favorite	insult	my	that
be	done	horrific	is	just	needs	omg	rosskemp	something	that	to
2day	agent	away	bcuz	bwi	deltaassist	earlier	flt	get	it	late	let	on	other	pas	silvereliteleftbehind	then	tried	turnd	was
can	da	dat	flag	flags	jbanks88	lbs	lead	league	missed	no	offense	points	pull	redzone	score	td	that	to	took	trips
and	description	even	friends	from	gagging	her	just	look	must	provided	reeks	smell	the	this	tweet	way
chicks	his	off	pubes	seat	stealing	the	this	toilets
back	butt	into	it	my	poop	then	you	your
an	and	disgusting	he	is	likes	old	song	young
14	49	anymore	birmingham	carriages	commute	dobetter	friday	hereford	londonmidland	no	on	only	room	stand	to	two	unhappy
at	crying	jerk	like	looking	mirror	off	re	seems	while	you
be	confused	disgusting	face	he	knew	meant	pretended	save	that	to	what	you
about	campaign	creepy	extra	his	in	light	looks	of	recent	revelations	the
also	collecting	entitlements	is	not	paradox	still	the	theft	then	working
all	fumbles	name	oh	the
be	my	never	or	scat	thing	vomit	will
cjjjjjjjj	fuck	yesssss
depressing	in	is	life	my	one	word
depressing	favourite	highlighter	hit	it	on	pan	pretty	ur	when
all	as	but	hell	holy	not	palms	really	sweaty	that	uncomfortable
filthy	if	know	peasant	ricefield	such	weren	would	you
disgusting	feminazis	fuck	hijab	trash	your
also	because	dog	is	it	like	looks	treats	weird	which
and	awful	bed	before	cheese	didn	dreams	eat	even	had	last	lovemysleep	night	nightmare	really	strange
awful	how	name	oh
ever	play	power	seen	that	the	ve	was	worst
anyone	cause	constantly	else	for	hates	having	he	his	more	name	no	on	other	petry	puck	reason	stick	team	than	the
affliction	al	amaity	de	ir	joaquinputoamo	the	vas
been	character	deduced	from	hairstyle	hated	he	in	lidong	most	show	since	the	then	they	umbrella	was	yes	zhao
and	as	declined	he	honoring	in	isn	multiple	name	nomination	primary	ran	senate	shit	the	then	times
and	blood	but	concern	dad	dear	doctor	drawing	from	gawd	has	is	liking	me	my	needles	nice	over	poking	post	prodding	taken	to
and	be	been	but	depression	everyone	exposing	have	helping	him	if	judging	on	shouldn	to	too	you
back	control	hospitals	in	labs	normalize	pandemic	private	public	put	remove	testing	then	would
creepy	is	really	this	whoa
and	bad	but	creek	dump	heard	it	maybe	next	ranch	shadow	smells	to
and	aqpk	even	expected	hilarious	no	one	remember	than	too	was	which	will	worse
agree	and	blind	but	civil	clause	de	do	exams	facto	grandfather	in	jure	literacy	post	racial	racist	that	usa	voter	war	were	you
bohemian	but	great	had	horrible	is	lot	of	one	queen	really	rhapsody	song	songs	that	them	wasn
alcohol	back	bad	can	chronic	from	had	pain	really	remember	self	she	so	treating	was	what	with
allowed	at	everyone	for	go	goal	he	least	makes	mistake	mistakes	only	tho	to
afternoon	and	chilly	cigar	congresscritters	cspanwj	damper	four	good	has	is	my	nasty	not	on	put	rain	thing	this	tomorrow
is	like	name	now	really	she	the	to	used	worst
continue	drive	is	my	point	the	thinking	to	way	weirdo	were	will	you
badass	he	pretty
get	irrelevant	over	ppl	r0ils	re	smiling	they	triggered
and	believe	but	disappointing	drugs	he	his	in	involved	mother	quite	response	was	wasn
after	asked	bad	bully	did	he	him	if	joshgad	like	man	me	mute	my	old	said	saying	son	three	trump	was	we	year	yes
always	child	dumb	from	kids	seat	secure	so	take	the	them	theyre	wtf	you
chase	don	fame	going	it	nchasing	nif	nto	nwhen	nwrdsmth	re	resent	starts	you
all	and	drops	fine	it	map	name	og	on	other	same	ssd	terrible	were	with
50	as	creepy	does	downright	he	if	inappropriate	it	keep	quiet	testing	that	things	will	you
disgusting	filth	of	piece	youre
arrest	be	called	cardiac	cut	finger	going	jonnyp_43	like	medchat	medicnow	out	so	that	to	turned
alarm	but	innocentia_t	ll	nap	scared	set	tomorrow	up	wake	wanna
bears	suck
forcibly	is	making	nothing	people	striving	though	with	wrong
be	can	context	horribly	of	out	taken	this
10mcg	and	as	celulose	corn	cyanocobalamin	fillers	it	just	like	me	of	seemed	some	starch	to	weird	well	with
pretty	shit	tbh	with	you
and	blankets	eternal	hoody	mope	no	still	sunshine	to	two
above	all	already	coffee	cream	disgusting	drinks	he	know	liquids	not	we	with
anybody	doesn	dreadful	know	penny	watch	why
do	don	go	in	just	know	life	lost	next	or	to	what	when	where	you
bottle	hate	nalgene	plastic	switched	taste	the	to
iaindale	in	is	lbc	moist	my	only	opinion	scrape	shudder	than	the	ugh	word	worse
bad	because	bingo	bit	deleted	if	it	just	of	person	seems	she	showed	snapchat	then	to	up	you	your
be	disgusting	embarrassed	he	is	should	that
awful	is	that
bald	leaves	me	papaoutai	still
absolute	born	despair	from	has	he	hope	just	komaebun	of	that	thinking	wants	way
and	bad	bill	coming	from	her	high	housing	in	is	left	mouth	my	name	of	opinion	say	someone	taste	that	this	very	will	with
and	calling	creepy	dress	for	gross	is	just	kid	liking	little	misogynistic	or	play	sexualized	this	thread	to	trashy	up	weird	whole	yeah
aggravated	and	assault	cruel	for	him	hook	just	officer	on	police	that	unusual	up
been	could	eating	for	have	leather	processing	re	sent	skin	steadi_lady	tannery	that	to	you
and	anus	man	middle	my	out	seed	skins	skip	squish	the	them	up	vomit
be	borderline	call	college	egregious	football	in	it	mean	missed	really	targeting	was	would
application	bullshit	deloitte	is	it	some	that	was	wasn
amp	body	death	doubles	fooled	for	hawkings	her	is	just	like	long	msm	now	rejoicing	secret	so	that	these	they	us	ve	with	xmaseveevil1
adults	and	are	as	begins	children	consenting	even	for	have	illegal	its	like	long	not	parents	relationship	sex	siblings	the	they	to	when
badly	find	for	need	so	term	this	to
an	as	attack	can	have	horrible	interview	ll	long	manages	most	only	people	questions	re	she	someone	the	they	to	who	willing	with	your
also	although	around	be	been	but	button	everyone	for	fuck	healer	maiming	me	name	recently	to	ve	want	when	you
ambulance	an	and	as	blood	but	called	cops	covered	disoriented	he	how	in	just	not	seeing	the	they	was	why	wondering
407	also	another	did	difficulty	do	gave	hard	has	in	it	just	line	maybe	me	on	playing	quest	something	this	to	weird	with
her	not	unpleasant	with
amp	and	been	blanchardstown	centre	figured	for	in	is	lost	marks	now	only	out	over	shopping	spencer	today	where	working	years
dull	friday	kinda	untypical
15	all	at	be	having	is	it	sex	to	weird
can	comments	even	please	these	with
gets	it	longer	look	the	worse	you
fake	news	very
administration	all	cut	fetal	his	hiv	misleading	not	programs	specifically	still	stuff	sucks	though	tissue	title	using
forgot	in	nightmare	overnight	phone	plug	the	to
been	hands	must	sweaty	their	ve
bothers	doesn	he	it	me	respond	texts	that	to	weird	your
bad	even	feel	for	house	if	in	interest	it	self	slaves	their	understandable
creepy	re	you
and	because	it	nobody	stupid	that	wants
always	am	driving	following	have	home	me	my	of	pants	paranoid	people	pooed	when	would	yikes
haked	half	if	me	name	pictures	reminds	sayings	she	ugh	vague	with
blessed	brand	car	disgusting	has	it	like	literally	me	name	new	re	she	so	submissive	with	you
hate
ima	kitchen	sink
is	kind	now	of	special	stupid	that
amount	disgusting	of	oil
an	for	gloomy	hour	literally	megalvz	was
car	current	go	gone	grim	hopefully	might	milk	my	new	of	off	on	one	radiox	stinks	to	tomorrow	win
also	horrible	hydrating	important	is	it	makes	meat	taste
child	do	hard	hell	it	joyful	life	little	lives	make	middleeasteye	peace	so	take	their	to	we	why	work
end	full	mondays	of	the	weeks	when	will
at	back	branch	chainsaw	cousin	exact	far	forehead	got	himself	his	killed	punched	related	right	that	the	this	way
biology	day	department	dull	got	in	never	paid	poop	rat	the	to	up	vacuum
actually	be	believe	bigger	but	didn	have	he	here	him	if	is	name	offer	reported	stunned	than	turd	what
hate	it	thanks
are	but	don	fav	great	haven	horror	in	like	make	movies	my	one	seen	them	they	too	used	years
city	crescent	get	guys	hope	sucks	that	the	you
also	but	can	feels	he	here	his	just	music	now	own	player	playing	restless	scrolling	so	some	through	tired
hate	name	those
70	and	birthday	bunch	doing	happy	laundry	me	of	show	strangers	that	to	watching	with
alone	and	calls	code	day	even	for	grandparents	green	home	if	isolation	it	more	my	nope	not	return	skip	still	telling	test	tests	to	us	we	with
bees	can	me	scared	terrify
at	don	just	need	question	shout	simple	them	to
but	could	death	from	he	himself	ironic	not	others	save
any	bus	companys	doesnt	employies	excuse	find	happened	it	matter	retail	the	their	throw	to	under	where	will
and	childish	host	hurts	is	it	of	physically	sarcasm	sense	so	superiority	terrible	that
be	could	funky	town	worse
in	is	of	sort	this	way	weird	wholesome
greasy	too
after	bolted	can	chinese	disagree	fastest	gotta	heels	mention	nap	our	run	says	she	shook	teacher	tv	whoever
is	lame	this	uncomfortably
cared	never	on	put	sunglasses	the	they	until	was	who
bit	creep	honestly	me	out	this	would
also	and	apart	because	but	families	happy	hate	is	it	makes	me	sad	seeing	so	sweet	this	torn
about	also	am	been	fishing	for	friends	has	jump	month	my	now	story	take	terrible	the	to
and	ariel	barbaria	because	brutality	for	hilarity	hot	julian	king	korgoth	malkarii_	of
ago	by	continuous	disgusting	houston	is	iso	it	said	still	that	this	to	watch	year
abused	be	hard	so	that	would
anymore	em	even	hes	no	of	scared
about	and	brown	care	don	his	if	just	keep	name	out	people	security	supporters	that	they	to	told	want	what	you
clumsiest	dude	promotion	seen	that	the	ve	wow
100	is	love	more	real	says	seriously	she	the	though	when	worst	you
and	floor	found	had	masturbating	naked	on	patient	repeatedly	the	was	who	woman	young
he	homophobic	is	isn	name	openly	secretly
deutschland	in	is	rotten	something
abuses	abusive	become	blameless	grows	is	kid	pedophile	the	to	up
btw	but	insidious	is	love	manipulation	mother	my	thing	this
are	chicks	don	dude	everyone	fucking	get	goober	good	know	let	my	stars	to	way	you
antisocial	goingcrazy	helpme	im	insane	nervouswreck	not	pileup
all	been	day	entries	ever	horrific	is	it	me	most	of	one	quietly	reams	seen	the	things	those	ve	with
err	fake	just	oranger	shade	she	still	tan	weird
actually	bleach	fair	few	fuck	last	on	songs	the
block	city	in	is	of	one	probably	specific	that	the	worst
anyone	forced	in	is	prison	to	work
grimy	of	shudder	the	theurbanologist	think	to	tunnels	tweets
condition	dad	day	every	game	however	in	it	much	my	sweater	that	wears	worse
and	breaking	does	doesn	extreme	fan	matter	news	over	something	sports	stupid	that
his	is	rookie	season	since	this	worst	year
bad	crap	holy	movie	that	was
as	boi	bullied	got	hell	in	is	minnesota	name	soft
horrible	is	name	oh	this
also	an	awful	being	disgusted	had	involved	involving	nightmare	sick	so	up	was	were	when	where	woke	worms
anxiety	give	how	know	lgm	mets	someone	these	to
believed	by	disgusting	disturbed	ever	everything	going	have	headed	is	it	never	on	people	so	this	were	where	would	yeah
dirty	disgusts	have	he	his	in	liquor	malt	me	men	name	nasty	needs	pos	such	was	wifebeaters	with
an	curbing	irony	lecturing	on	pakistan	terrorism	the	undp_pakistan	unhumanrights	wat	world
adversely	affected	gonna	guess	hazard	saints	the	they	worse
even	guys	he	it	paid	set	someone	to	up	worse	wow
is	nasty	nsfw	this
and	anything	depression	dissociating	else	equals	hunger	probably	so	time	weird
15	and	between	difference	fosu	having	is	league	mensa	minutes	nightmare	premier	reserves	still	wide
damn	directly	do	front	how	page	post	something	the	to	you
aldub62ndweeksary	be	can	cheerfulness	early	extremely	morning	obnoxious
10	15	about	ago	at	back	china	dumps	garbage	how	much	news	numbers	piece	read	sea	staggering	the	then	were	years
and	college	excited	exhausted	from	hopeful	making	pessimist	returner	sick	that	to	transition	yearly
access	and	called	can	cause	drive	her	illegal	into	is	it	lose	making	menacing	ocean	or	sisters	terroristic	the	threat	threatening	to	your
about	all	at	he	husband	isn	lie	one	reputation	since	something	spread	the	think	to	who	worried	your
and	but	ice	is	name	really	rip	scum	vanilla
brooklyn	definitely	dude	off	that	was	wtf
ashamed	banging	be	disgusting	excuses	for	in	no	of	sales	should	someone	that	you	yourself
dread	making	me	this	tonight	weather	work
architecture	been	but	different	for	form	have	if	it	maybe	narcissusheiyan	oppressive	people	sixth	stayed	still	the	uninteresting
canal	disgusting	feel	fingers	imagine	least	like	made	of	option	or	out	penis	that	the	vaginal
and	any	be	been	bissexual	both	either	friends	it	love	never	of	problem	say	sexes	should	so	tbh	there	tho	to	way	weird	you
alex	alright	and	blast	boy	have	music	neighbors	party	who
bosnaud	code	cryptic	feathers	he	in	resorted	ruffle	scared	so	to	unclecamscabin	writing
awake	is	keeps	shitty	taste	the	what	you
all	have	it	just	mark	mess	nsfw	people	seen	title	to	week	with	worst
about	all	also	and	are	at	completely	cruel	dark	execution	find	how	in	informed	is	it	left	likely	never	noone	out	relatives	the	their
addict	and	artists	blocks	cats	coffee	gt	hedonists	mylittlepwnies3	terrorism	writers
announce	feel	how	need	the	themselves	they	to	weird
70s	again	an	and	awful	do	doesn	has	hc	he	his	in	is	it	repeatedly	said	to	want	was
and	being	get	good	him	kid	makes	murder	name	oh	see	sense	so	then	to	tries	we
but	disgusted	not	say	shocked	to	want
disgusting	is	person	she	what
brutal	piece
broadband	bt_uk	is	now	regretting	shocking	shouldofgonewithvirgin	signing	up
cuddle	guy	his	if	in	is	law	sister	this	tired	too	wife	with
and	arrogance	but	can	certain	fine	for	have	is	lose	never	others	respect	should	that	the	think	what	you
almost	because	brushing	darn	from	gone	good	have	it	lord	near	never	of	off	something	to	vomiting
badass	it	just	more	normally	people	quote	read	sounds	stupid	the	this	way	when
and	be	breezy	days	forgot	going	halfway	it	longday	mombrain	of	on	one	put	realize	those	to	toomuchgoingon	underwear	work
disgusting	looks	that
ask	bit	car	chafford	could	dark	hundred	lights	nights	on	park	sainsburys	scary	store	thanks	their	these	to	turn	you	your
about	box	china	corrupt	dada	extradition	guanxi	has	idea	in	into	jt	might	murky	no	pandora	that	this	toad	turn	vanre	vs	whole
dull	how	swp_roads
ew	her	is	photo	slut	text	touching	what
afghan	and	bad	bode	certainly	does	for	girls	not	option	statedept	that	well	woman
damn	fuckin	must	name	she	stink
feel	intimidated
abt	amp	controlled	development	he	his	how	in	incredible	is	laughter	nawaz	of	pak	pakistan	said	sharif	talked	terrorism	that	victim
any	bad	by	hope	horrible	imagination	imtarakate	not	of	person	re	realizes	really	stretch	that	the	this	uggh	you
amusement	because	does	doesn	for	get	it	just	kill	literally	mean	not	re	them	they	though	to	vertebrates	we
abuse	bastion	before	can	him	is	it	just	more	now	op	still	super	tbh
bruise	door	fingernail	fingers	he	his	in	it	like	looks	nasty	shut	smart	so	that	the	under
be	cliche	doesn	ended	for	go	hopefully	less	liked	more	name	or	practice	private	so	something	terrible	that	the	way	would
disgusting	distilled	doxxed	hatred	him	is	it	just	lifesite	news	pure	that	website
blocked	constructive	criticism	gave	give	heather	hope	laura	lazy	mcdermo11	much	no	now	retire	rogerc32	same	she	so	up	with
sucks	that	well
absolutely	crime	forces	her	if	into	is	man	not	penis	re	smoking	sure	that	vagina	what	woman	you
all	do	energy	giving	is	name	some	that	weird	wish	would
call	close	had	he	like	phew	sounds	there
belts	those	ugly	with
about	care	couldn	gotham	haven	horrible	it	kamper10	less	mid	of	point	season	since	smb_ryan	the	watched
and	because	confusion	discussing	in	it	last	night	resentment	sex	the	thing	was	weird	writing
is	nasty	smoking
and	but	distracted	edited	getting	haircut	little	meant	that	to	voters	was	what
at	fuck	he	least	off	please	polite	was
ain	eats	he	lying	seen	tacos	the	ve	way
9th	but	city	country	group	guess	in	it	its	largest	the	them	to	together	weird
fuckin	men
am	awful	but	calling	for	him	of	out	proud	that	you
disgusting	truly
balls	hurt	in	it	kick	ll	more	the	then	when
disgusting	end	freaking	her	just	kid	my	never	nothing	see	tell	that	the	weirdo	would
her	horrid	outfits	past	season	this	were	yea
after	alright	and	avatar	earth	films	genuinely	happening	he	terrible	the	were
and	anything	belongs	fans	her	here	literally	name	regarding	weird
badly	name	need	so	they	union
killed	me	name	part	that
around	arrows	be	green	have	it	running	to	two	weird	yeah
allergies	and	be	car	care	don	forced	messy	shouldn	suffer	to
be	chirp	girl	refuse	to
betrayed	everybody	fed	name	this	up	with	world
after	bye	cheerfully	cohends	garbage	it	yell
and	are	disgusting	insane	people
dare	disrespect	how	like	name	reijka92	that
fast	fishing	for	in	just	lane	sitting	the	tickets	ugh
bushes	but	don	eastern	in	knew	lot	of	people	ridiculous	suburbs	that	the	their	trim	well
bad	beyond	biological	child	control	father	for	him	kicking	makes	objectively	out	their	trait
act	an	first	imagine	itself	me	nytimes	of	president	response	terror	terrorizes	the	thought	to	trump	trying
blinders	friends	hate	have	is	it	of	on	one	people	the	their	when	who
13	and	butt	defended	drugged	girl	he	name	old	raped	when	year
all	and	bad	characteristics	good	takes
16	attracted	being	creepy	is	other	sure	to	yeah	yearolds
boyo	grumpy	he
and	away	hate	him	hope	if	in	name	no	pelicans	see	the	them	they	to	trade	waste
04	custom	jerseys	like	look	madden	made	make	newenglandpatriots	on	ones	some	that	these	to	tried	whack	when	you
amp	awe	bigdaddyx47	cats	dogs	have	snake	sorry
and	can	diversity	fans	felt	her	humankind	moon	of	off	pack	please	the	to	truly	we
also	disgusted	harsh	noooo	when
are	dumb	fucking	name	people	so	you
accidentlyspillbeeronthecarpet	carpet	cleaning	it	leave	nimber	of	on	rule	there	worsethananatomicbomb
accent	bad	but	connect	don	end	if	internet	need	no	procedures	spanish	stinking	the	then	to	you
hell	holy
bad	clearly	had	he	practice	wednesday
bad	glee	is	it	kurt	literally	me	that
exsists	internally	is	kills	latin	me	pig	plastic	surgery	this	why
briardpup	did	dogworldnews	fur	get	pal	shocking	the	they	wrong
and	awful	combination	continuing	defense	god	in	lapses	of	pp	sabres	saga	the
are	engagement	held	higher	in	level	of	officers	our	police	rules	sad	soldiers	than	to	war	zones
are	serious	you
goop	the	website	what
been	have	much	music	scene	that	the	without	worse	would	yeah
10	absolutely	are	calls	damning	first	in	minutes	phone	the
18	20	2016	41	again	cbsthismorning	discourage	doesn	edt	fail	newsgirl123456	profiling	september	terror	trump
and	buying	chests	godlike	holding	in	is	it	on	prefer	skin	the	to	until	want	winner
another	awesome	behalf	being	in	more	my	native	need	non	of	offended	on	paternalism	robertb_rice	saidnondnever	the	we	world	you
about	act	cares	could	everything	her	is	like	nothing	only	opinion	profit	public	selfishness	someone	staggering	this	to	who
africa	and	forward	hard	has	makes	moving	overpopulation	problems	starvation	tremendous	tribalism	unique	war	which	with
beaten	branded	but	campaign	could	either	energy	establishment	george	have	he	his	is	low	not	others	son	the	thehill	trump	unhappy
and	bum	crawls	fear	havin	life	long	of	shit	spider	up	ya
able	age	and	be	cut	did	hire	hollywood	iamnotatwit	in	lie	my	off	or	spry	thegoldbergs	to	years	young
at	by	country	epicentre	global	human	india	is	itself	of	pakistan	preaching	reply	right	rights	the	unga	which
antifasupporter	bush	don	giggles	hipocrite	liar	mean	nancypelosi	no	troublemaker	trump	you
and	announcers	card	ending	enough	favorite	fighting	games	his	it	me	my	of	old	over	part	racing	reminds	school	sting	that	the	those	title	top	videos	weirdly	with
believe	bound	can	dad	disabled	facility	for	go	haven	my	no	now	parents	ring	say	shocking	they	to	tomorrow	washing	wheelchair	when
dealerships	is	the	with	working	worst
comments	gardeners	hys	internet	is	it	like	look	makes	question	section	the	time	worst	youtube
envious	name	now	of	right	so	yeah
account	be	but	didn	for	here	is	it	obnoxious	one	possible	so	think	to	twitter	was
after	day	days	even	get	if	it	ll	more	national	off	only	probably	straight	then	work
but	destroying	future	help	home	in	process	right	robots	thats	the	there	to	trying	whole	your
and	are	babies	do	just	make	me	nasty	opiates	puke	science	so	the	there	where
and	disgusting	inside	out	people	re	they
11	came	can	game	he	if	out	question	shut	somewhat	the	then	up	valid	was	when	yeah
nasty	such	woman
fuckin	name	sucks
are	believe	can	charged	clench	eww	for	just	literally	made	my	samples	stomach	that	the	they
and	as	at	average	discouraged	dpt	even	feel	for	gpa	had	kin	look	major	more	now	pretty	programs	solid	that	the	thought
advocates	bad	believing	communism	got	head	in	into	is	just	kicked	private	property	society	stateless	the	they
children	feel	if	learn	live	ridicule	shy	they	to	with
around	back	does	hips	in	is	make	not	pencil	sense	skirt	slit	swishy	that	the	tight	with
awful	awfulness	by	disturbing	done	feel	for	incredibly	is	its	like	makeup	more	not	professional	purposeful	shock	sub	theatrical	this	unintentional	value	well
from	on	perilous	sporadic	the	tube	tweeting	wifi
here	is	mean	right	shit	some	this
bentleysystems	configurations	despair	done	hast	oh	thou	thy	to	what
all	at	festival	fucking	gross	look	that	the	trash
absolute	an	and	bit	bus	cake	car	crash	horror	icing	in	my	on	shaking	still	terrible	the	this	was	week
forbid	heaven
anything	awkward	it	more	saw	than	the	video	was
banned	be	disgusting	free	is	its	need	our	sites	society	to	tube	where
adults	and	ash	childhood	drank	every	foolish	got	how	ignorance	much	refused	scolded	since	stuff	swallowed	this	time	ugh	ve
afterwards	cake	do	doubt	enjoy	for	icing	is	it	just	killers	killing	on	serial	stuff	the	them	they
awful	sorry	sounds	ugh
awful	dear	is	lord	this	woman
about	dream	isn	it	like	more	pipe	really	talking	that	thinks	worth
all	before	dangerous	ever	hand	one	ride	scooter	shit	to	try	was	with
60	an	and	attractive	butt	down	exposing	falling	go	he	her	it	on	so	such	that	thing	to	weird	woman
are	as	at	be	but	comfortable	day	during	is	it	ll	nap	never	night	nightmare	sleeping	so	the	when	why	you
all	arbitrary	council	fits	hikes	into	it	localities	no	one	said	size	state	test	the	turned	yet
burning	is	me	medicine	the
everyone	hated	name	thought
beautiful	colors	cry	in	is	it	makes	me	richness	so	the	this	those	ugh	wanna
and	apples	covered	like	lovely	mold	more	oranges	rotten	shiny	with
celebrity	cheap	feels	internet	iq	itself	low	means	now	shameless	the	vulgar	word
lonley	overwhelming	pass	sadness	shall	startingover	this	too
are	there	things	worse
about	agreed	an	any	as	do	doesn	endgame	feel	girl	he	how	pick	rumors	that	the	you
about	after	as	been	blaine	close	continue	dead	glee	has	honevbee	mug	my	of	shots	talk	to	ugly	up	years
and	because	decent	gonna	hate	haydel	icing	is	of	randazzo	say	ships	terrible	that	their
and	bad	disgusting	don	have	idea	much	really	say	straight	there	to	up
anthony	bill	breaks	clinton	didn	dming	every	exist	heyday	his	in	new	of	prayer	revelation	says	texting	thanks	that	time	weiner
for	hungry	money	that	too
am	chase	clear	cry	door	expecting	fear	fool	indoor	just	my	na	nam	nbut	open	out	path	rat	seems	silent	to	voice	weak	wise
as	because	bit	exactly	odd	plan	same	the	was
concern	david__osland	deselect	encouraging	for	gambieranger	his	is	leader	many	of	such	supporters	to	us	which	who	why
abuses	disgusting	downvoted	eugh	for	getting	her	in	is	it	kids	literally	live	out	pointing	re	she	society	that	the	this	we	wow	you
is	joke	somersetccc	this
